Campo Formativo,Materia,Grado,Contenido,Proceso de Desarrollo de Aprendizaje (PDA)
Lenguajes,Español,1º,"La diversidad de lenguas y su uso en la comunicación familiar, escolar y comunitaria.","Reconoce la riqueza lingüística de México y el mundo, a partir de obras literarias procedentes de distintas culturas."
Lenguajes,Español,2º,"La diversidad de lenguas y su uso en la comunicación familiar, escolar y comunitaria.","Comprende las características y recursos lingüísticos de la lengua española, para usarlos y valorarlos como parte de la riqueza pluricultural de México y del mundo."
Lenguajes,Español,3º,"La diversidad de lenguas y su uso en la comunicación familiar, escolar y comunitaria.","Analiza y reconoce algunas variantes lingüísticas de la lengua española, para valorarla como riqueza cultural."
Lenguajes,Español,1º,"La diversidad étnica, cultural y lingüística de México a favor de una sociedad intercultural.","Comprende las ideas centrales y secundarias de textos relacionados con la diversidad étnica, cultural y lingüística, que favorecen una sociedad intercultural, para comentarlas en forma oral y escrita."
Lenguajes,Español,2º,"La diversidad étnica, cultural y lingüística de México a favor de una sociedad intercultural.","Compara y contrasta textos sobre las tensiones y conflictos en las sociedades contemporáneas y manifiesta, de manera oral o escrita, la necesidad de practicar la comunicación asertiva."
Lenguajes,Español,3º,"La diversidad étnica, cultural y lingüística de México a favor de una sociedad intercultural.",Analiza textos sobre las sociedades multiculturales y expresa la función que tiene el diálogo intercultural para la construcción democrática y la interacción en sociedad.
Lenguajes,Español,1º,Las lenguas como manifestación de la identidad y del sentido de pertenencia.,"Describe en un texto cómo el lenguaje oral manifiesta las identidades personal y colectiva, para reconocer lo común y lo diferente."
Lenguajes,Español,2º,Las lenguas como manifestación de la identidad y del sentido de pertenencia.,"Comprende y redacta textos narrativos sobre la construcción de la identidad y el sentido de pertenencia, a partir del análisis de variantes del español."
Lenguajes,Español,3º,Las lenguas como manifestación de la identidad y del sentido de pertenencia.,"Elabora textos argumentativos acerca de la interculturalidad crítica, para reconocer el valor de las lenguas, a fin de promoverlas y fortalecerlas."
Lenguajes,Español,1º,El dinamismo de las lenguas y su relevancia como patrimonio cultural.,Identifica y expresa la relevancia de valorar las lenguas como legado de la comunidad.
Lenguajes,Español,2º,El dinamismo de las lenguas y su relevancia como patrimonio cultural.,"Reconoce cambios temporales y geográficos del español en la comunidad, el país o el mundo hispano."
Lenguajes,Español,3º,El dinamismo de las lenguas y su relevancia como patrimonio cultural.,"Analiza en textos literarios neologismos, juegos de lenguajes, caló, jerga, préstamos lingüísticos y extranjerismos como parte del dinamismo de la lengua española."
Lenguajes,Español,1º,La función creativa del español en la expresión de necesidades e intereses comunitarios.,"Identifica una situación problemática de la comunidad, haciendo uso del pensamiento crítico, para plantear diversas formas creativas de resolverla, por ejemplo, con un cuento."
Lenguajes,Español,2º,La función creativa del español en la expresión de necesidades e intereses comunitarios.,"Expresa, mediante un ensayo, una postura crítica sobre necesidades, intereses y problemas de la comunidad."
Lenguajes,Español,3º,La función creativa del español en la expresión de necesidades e intereses comunitarios.,Crea textos literarios de distintos géneros para ofrecer una propuesta de solución a problemas de la comunidad.
Lenguajes,Español,1º,Los elementos y los recursos estéticos de la lengua española en la literatura oral y escrita.,"Reconoce los recursos estéticos en textos literarios líricos, orales y escritos, y disfruta de poemas, canciones y juegos de palabras, entre otros."
Lenguajes,Español,2º,Los elementos y los recursos estéticos de la lengua española en la literatura oral y escrita.,"Analiza las características y recursos estéticos de los textos narrativos, e interpreta y disfruta de cuentos y novelas."
Lenguajes,Español,3º,Los elementos y los recursos estéticos de la lengua española en la literatura oral y escrita.,"Usa creativa e intencionalmente las características y los recursos estéticos de textos dramáticos, para escenificar situaciones vinculadas con la comunidad."
Lenguajes,Español,1º,Textos literarios escritos en español o traducidos.,"Reconoce el valor estético de diversos géneros literarios en textos de su elección, para elaborar comentarios y promover su lectura."
Lenguajes,Español,2º,Textos literarios escritos en español o traducidos.,Analiza diversos textos literarios de su elección para expresar un juicio estético y lo comparte en la comunidad.
Lenguajes,Español,3º,Textos literarios escritos en español o traducidos.,"Elabora un ensayo acerca del tratamiento de un tema de su elección, con base en algún género literario de su preferencia, para argumentar un juicio estético sobre éste."
Lenguajes,Español,1º,Creaciones literarias tradicionales y contemporáneas.,"Recupera y clasifica creaciones literarias de la comunidad o de un lugar de interés, como mitos, leyendas, fábulas, epopeyas, cantares de gesta, refranes, coplas, canciones, corridos y juegos de palabras, para promover de manera creativa su lectura."
Lenguajes,Español,2º,Creaciones literarias tradicionales y contemporáneas.,"Valora textos literarios tradicionales y contemporáneos, como cuentos, novelas, poemas y textos dramáticos; los adapta a otros lenguajes para sensibilizar a la comunidad acerca de la relevancia social y cultural de la literatura."
Lenguajes,Español,3º,Creaciones literarias tradicionales y contemporáneas.,"Crea textos narrativos, poéticos, dramáticos y guiones para audiovisuales, entre otros, a partir del uso de recursos literarios, para exponer una situación real o ficticia."
Lenguajes,Español,1º,"Recursos literarios en lengua española para expresar sensaciones, emociones, sentimientos e ideas vinculados con las familias, la escuela y la comunidad.","Identifica recursos literarios en lengua española y los emplea en la elaboración de cartas personales y biografías, para expresar sensaciones, emociones, sentimientos e ideas que experimenta en su entorno familiar, escolar o comunitario."
Lenguajes,Español,2º,"Recursos literarios en lengua española para expresar sensaciones, emociones, sentimientos e ideas vinculados con las familias, la escuela y la comunidad.","Analiza recursos literarios en lengua española, para expresar sensaciones, emociones, sentimientos e ideas vinculados con las familias, la escuela y la comunidad, y los plasma en hojas de literatura, folletines u otros formatos para difundirlos en la comunidad escolar."
Lenguajes,Español,3º,"Recursos literarios en lengua española para expresar sensaciones, emociones, sentimientos e ideas vinculados con las familias, la escuela y la comunidad.","Recupera recursos literarios de la lengua española para crear un texto libre que los utilice con la intención de expresar sensaciones, emociones, sentimientos e ideas vinculados con las familias, la escuela y la comunidad."
Lenguajes,Español,1º,Los elementos y los recursos estéticos de los textos informativos en lengua española.,Analiza los elementos y los recursos estéticos de los textos informativos e identifica los que más le interesan para compartirlos con sus pares.
Lenguajes,Español,2º,Los elementos y los recursos estéticos de los textos informativos en lengua española.,"Selecciona textos informativos de su interés para analizar sus características estéticas, identificar su función social y proponer formas de compartirlos en la escuela y en la comunidad."
Lenguajes,Español,3º,Los elementos y los recursos estéticos de los textos informativos en lengua española.,"Emplea de manera creativa e intencional las características y recursos estéticos de los textos informativos para realizar una presentación escolar (infografía, mural, periódico escolar u otros) y difundirlos en la comunidad escolar."
Lenguajes,Español,1º,Los textos de divulgación científica en lengua española.,Identifica las características del texto de divulgación científica y elabora uno.
Lenguajes,Español,2º,Los textos de divulgación científica en lengua española.,"Analiza las características del texto de divulgación científica, para elaborar y difundir uno en la comunidad escolar."
Lenguajes,Español,3º,Los textos de divulgación científica en lengua española.,"Elabora una propuesta de divulgación científica, con base en un tema de su interés, para fomentar el conocimiento científico en la comunidad."
Lenguajes,Español,1º,Comunicación asertiva y dialógica en lengua española para erradicar expresiones de violencia.,"Realiza, de manera colectiva, una propuesta creativa para erradicar expresiones de violencia en la escuela y en la comunidad, a través de la comunicación asertiva y dialógica."
Lenguajes,Español,2º,Comunicación asertiva y dialógica en lengua española para erradicar expresiones de violencia.,"Participa en un debate en lengua española sobre la importancia de la comunicación asertiva y dialógica en la familia, escuela y comunidad, para erradicar expresiones de violencia."
Lenguajes,Español,3º,Comunicación asertiva y dialógica en lengua española para erradicar expresiones de violencia.,Redacta textos informativos o argumentativos en lengua española sobre la importancia de la comunicación asertiva y dialógica en la solución de conflictos socioambientales en la escuela y en la comunidad.
Lenguajes,Español,1º,"Mensajes en lengua española en medios de comunicación masiva, que promuevan una vida saludable.",Identifica características de mensajes en lengua española en medios de comunicación masiva que promuevan una vida saludable y los comparte de manera oral o escrita en el entorno escolar.
Lenguajes,Español,2º,"Mensajes en lengua española en medios de comunicación masiva, que promuevan una vida saludable.","Analiza las características de mensajes en lengua española en medios de comunicación masiva que promuevan una vida saludable, para diseñar una propuesta de difusión dirigida a la comunidad escolar."
Lenguajes,Español,3º,"Mensajes en lengua española en medios de comunicación masiva, que promuevan una vida saludable.","Elabora una campaña de comunicación masiva en lengua española para promover una vida saludable en la escuela y en la comunidad, haciendo uso de los recursos de los lenguajes."
Lenguajes,Español,1º,El texto argumentativo en lengua española para expresar opiniones sobre temas de interés comunitario.,Escribe textos argumentativos breves en lengua española sobre temas de interés comunitario y los comparte en el entorno escolar de manera oral o escrita.
Lenguajes,Español,2º,El texto argumentativo en lengua española para expresar opiniones sobre temas de interés comunitario.,Analiza textos argumentativos en lengua española sobre temas de interés comunitario y expresa sus opiniones de manera oral o escrita fundamentando sus puntos de vista.
Lenguajes,Español,3º,El texto argumentativo en lengua española para expresar opiniones sobre temas de interés comunitario.,"Elabora un ensayo argumentativo en lengua española sobre un tema de interés comunitario de su elección, fundamentando sus puntos de vista y compartiéndolo con la comunidad escolar."
Lenguajes,Inglés,1º,La diversidad lingüística y sus formas de expresión en México y el mundo.,"Hace uso del alfabeto, los números y las expresiones básicas en inglés, para nombrar y recuperar datos factuales y características básicas de lenguas reconocidas en México y el mundo."
Lenguajes,Inglés,2º,La diversidad lingüística y sus formas de expresión en México y el mundo.,"Comprende textos narrativos y biográficos en inglés sobre la vida cotidiana, formas de interacción y comportamiento de hablantes de diversas lenguas de México y el mundo en el pasado, y lo expresa en organizadores gráficos, infografías u otras formas de presentación escrita y oral."
Lenguajes,Inglés,3º,La diversidad lingüística y sus formas de expresión en México y el mundo.,Utiliza diversos tipos de texto y medios de comunicación para expresar y difundir en inglés prácticas culturales y lingüísticas diversas de sociedades en México y el mundo.
Lenguajes,Inglés,1º,La identidad y cultura de pueblos de habla inglesa.,"Recupera información para llevar a cabo presentaciones en inglés, orales y escritas, que describan rasgos étnicos, culturales e identitarios de hablantes de lengua inglesa."
Lenguajes,Inglés,2º,La identidad y cultura de pueblos de habla inglesa.,"Elabora fichas informativas en inglés sobre rasgos identitarios de pueblos de habla inglesa (acento, grafía, vestimenta, comida, tradiciones, costumbres, entre otros)."
Lenguajes,Inglés,3º,La identidad y cultura de pueblos de habla inglesa.,"Construye una propuesta de comunicación en inglés, oral y escrita, donde contraste, valore y promueva rasgos de una sociedad intercultural identificados en pueblos de habla inglesa."
Lenguajes,Inglés,1º,"Las manifestaciones culturales, lingüísticas y artísticas en inglés a favor de la interculturalidad.",Elabora un cómic o manga en inglés sobre situaciones donde se rescata la importancia de la interculturalidad.
Lenguajes,Inglés,2º,"Las manifestaciones culturales, lingüísticas y artísticas en inglés a favor de la interculturalidad.",Interpreta juegos de roles en inglés sobre situaciones que favorezcan la comunicación asertiva.
Lenguajes,Inglés,3º,"Las manifestaciones culturales, lingüísticas y artísticas en inglés a favor de la interculturalidad.","Elabora guiones en inglés que aborden situaciones de conflicto resueltas mediante la comunicación asertiva e intercultural, y los dramatiza."
Lenguajes,Inglés,1º,Uso de diversos textos en inglés que promueven la preservación y conservación de las lenguas.,"Recupera estrategias acerca de la conservación y preservación de las lenguas, planteadas en textos informativos y científicos en inglés, y las difunde."
Lenguajes,Inglés,2º,Uso de diversos textos en inglés que promueven la preservación y conservación de las lenguas.,"Indaga y construye propuestas en inglés para conservar y preservar las lenguas, como legado y sentido de pertenencia, y las difunde por algún medio de comunicación."
Lenguajes,Inglés,3º,Uso de diversos textos en inglés que promueven la preservación y conservación de las lenguas.,"Participa en un debate en inglés sobre los cambios lingüísticos y culturales de las lenguas en el transcurso del tiempo, y su impacto en la conformación de nuevas prácticas sociales."
Lenguajes,Inglés,1º,"El uso del inglés para expresar necesidades, intereses y problemas de la comunidad.","Investiga en textos en inglés soluciones implementadas sobre problemas de una comunidad, e informa de manera oral o escrita sus hallazgos."
Lenguajes,Inglés,2º,"El uso del inglés para expresar necesidades, intereses y problemas de la comunidad.",Elabora escritos argumentativos en inglés sobre acciones colectivas que posibiliten la solución de problemas de una comunidad.
Lenguajes,Inglés,3º,"El uso del inglés para expresar necesidades, intereses y problemas de la comunidad.",Organiza una campaña en inglés sobre soluciones a problemas de la comunidad.
Lenguajes,Inglés,1º,Elementos y recursos estéticos del inglés.,"Recupera de distintos tipos de textos literarios en inglés, expresiones, elementos y recursos estéticos y elabora un glosario."
Lenguajes,Inglés,2º,Elementos y recursos estéticos del inglés.,"Identifica y explica el uso de expresiones, elementos y recursos estéticos en manifestaciones culturales y artísticas de países de habla inglesa."
Lenguajes,Inglés,3º,Elementos y recursos estéticos del inglés.,"Emplea algunas figuras retóricas, elementos y recursos estéticos, para construir un texto literario corto, oral y escrito, para difundirlo en la comunidad escolar."
Lenguajes,Inglés,1º,Manifestaciones artísticas y culturales del inglés.,Realiza una lectura crítica y emite su opinión en inglés sobre diversas manifestaciones culturales y artísticas de pueblos de habla inglesa.
Lenguajes,Inglés,2º,Manifestaciones artísticas y culturales del inglés.,"Selecciona alguna manifestación artística o cultural y la difunde en inglés, mediante diversos elementos y recursos artísticos."
Lenguajes,Inglés,3º,Manifestaciones artísticas y culturales del inglés.,"Crea poemas cortos a partir del uso de recursos estéticos del inglés en producciones orales y escritas, para difundirse en la comunidad escolar."
Lenguajes,Inglés,1º,Creaciones literarias tradicionales y contemporáneas en inglés.,"Selecciona textos literarios en inglés que aborden temas de la comunidad o de algún lugar de interés, los resume y difunde por distintos medios."
Lenguajes,Inglés,2º,Creaciones literarias tradicionales y contemporáneas en inglés.,Investiga en textos literarios en inglés sobre pueblos indígenas y/o afrodescendientes de México o el mundo. Elabora por escrito una apreciación sobre la relevancia y el valor social y cultural de los pueblos indígenas y/o afrodescendientes de México o el mundo.
Lenguajes,Inglés,3º,Creaciones literarias tradicionales y contemporáneas en inglés.,"Crea textos breves en inglés para exponer una situación o tema de interés, con recursos narrativos, poéticos, visuales, escénicos o musicales."
Lenguajes,Inglés,1º,"El inglés para expresar sensaciones, emociones, sentimientos e ideas vinculados con las familias, la escuela y la comunidad.","Lleva a cabo juegos del lenguaje en inglés para expresar sensaciones, emociones, sentimientos e ideas sobre las familias y la escuela."
Lenguajes,Inglés,2º,"El inglés para expresar sensaciones, emociones, sentimientos e ideas vinculados con las familias, la escuela y la comunidad.","Realiza entrevistas en inglés para recuperar opiniones acerca de emociones, sentimientos e ideas sobre la escuela y la comunidad."
Lenguajes,Inglés,3º,"El inglés para expresar sensaciones, emociones, sentimientos e ideas vinculados con las familias, la escuela y la comunidad.","Investiga y recupera manifestaciones culturales y artísticas de su comunidad, para difundirlas en inglés."
Lenguajes,Inglés,1º,"Relatos en inglés para expresar sucesos significativos familiares, escolares, comunitarios y sociales.","Entrevista y narra en inglés sucesos significativos familiares, escolares, comunitarios o sociales recuperados de la memoria colectiva."
Lenguajes,Inglés,2º,"Relatos en inglés para expresar sucesos significativos familiares, escolares, comunitarios y sociales.","Investiga un acontecimiento familiar, escolar o comunitario significativo, recuperado de la memoria colectiva, para redactar una reflexión en inglés."
Lenguajes,Inglés,3º,"Relatos en inglés para expresar sucesos significativos familiares, escolares, comunitarios y sociales.","Recupera un acontecimiento histórico comunitario y elabora un texto oral y escrito en inglés, para expresar su postura, haciendo uso de recursos visuales o auditivos."
Lenguajes,Inglés,1º,"Comunicación asertiva y dialógica en inglés, para erradicar expresiones de violencia en la familia, la escuela y la comunidad.","Recupera de distintos textos en inglés, expresiones de violencia presentes en las familias, la escuela o la comunidad, para reflexionar sobre sus causas y consecuencias, y muestra una postura de rechazo."
Lenguajes,Inglés,2º,"Comunicación asertiva y dialógica en inglés, para erradicar expresiones de violencia en la familia, la escuela y la comunidad.","Participa en un panel de discusión en inglés, sobre la importancia de la comunicación asertiva y dialógica para erradicar expresiones de violencia en la familia, la escuela y la comunidad."
Lenguajes,Inglés,3º,"Comunicación asertiva y dialógica en inglés, para erradicar expresiones de violencia en la familia, la escuela y la comunidad.","Diseña y difunde en inglés propuestas escritas u orales, para sensibilizar a la comunidad escolar sobre la importancia de erradicar expresiones de violencia."
Lenguajes,Inglés,1º,"Mensajes en inglés en medios de comunicación masiva, que promuevan una vida saludable.",Recupera en inglés mensajes que promuevan una vida saludable y los difunde de manera oral o escrita en la comunidad escolar.
Lenguajes,Inglés,2º,"Mensajes en inglés en medios de comunicación masiva, que promuevan una vida saludable.","Analiza características de mensajes en inglés intermitentes en medios de comunicación masiva que promuevan una vida saludable, para compartirlos mediante una presentación."
Lenguajes,Inglés,3º,"Mensajes en inglés en medios de comunicación masiva, que promuevan una vida saludable.",Cuenta en inglés con herramientas en medios de comunicación masiva para proponer e implementar una campaña que promueva una vida saludable en la comunidad escolar.
Lenguajes,Inglés,1º,El uso del inglés para expresar opiniones sobre temas de interés comunitario.,Elabora textos breves en inglés para dar a conocer su opinión sobre temas de interés comunitario y los difunde por algún medio de comunicación.
Lenguajes,Inglés,2º,El uso del inglés para expresar opiniones sobre temas de interés comunitario.,"Investiga en inglés sobre un tema de interés comunitario de su elección, expresa su opinión de manera oral y escrita fundamentando sus puntos de vista."
Lenguajes,Inglés,3º,El uso del inglés para expresar opiniones sobre temas de interés comunitario.,"Construye textos argumentativos en inglés sobre un tema de interés comunitario de su elección, fundamentando su postura para proponer e implementar soluciones en la comunidad escolar."
Saberes y Pensamiento Científico,Matemáticas,1º,Expresión de fracciones como decimales y de decimales como fracciones.,Usa diversas estrategias al convertir números fraccionarios a decimales y viceversa.
Saberes y Pensamiento Científico,Matemáticas,1º,Extensión de los números a positivos y negativos y su orden.,Reconoce la necesidad de los números negativos a partir de usar cantidades que tienen al cero como referencia.
Saberes y Pensamiento Científico,Matemáticas,2º,Extensión de los números a positivos y negativos y su orden.,"Compara y ordena números con signo (enteros, fracciones y decimales) en la recta numérica y analiza en qué casos se cumple la propiedad de densidad."
Saberes y Pensamiento Científico,Matemáticas,1º,Extensión del significado de las operaciones y sus relaciones inversas.,Reconoce el significado de las cuatro operaciones básicas y sus relaciones inversas al resolver problemas que impliquen el uso de números con signo.
Saberes y Pensamiento Científico,Matemáticas,1º,Extensión del significado de las operaciones y sus relaciones inversas.,"Comprueba y argumenta si cada una de estas operaciones cumple las propiedades: conmutativa, asociativa y distributiva."
Saberes y Pensamiento Científico,Matemáticas,1º,Extensión del significado de las operaciones y sus relaciones inversas.,Identifica y aplica la jerarquía de operaciones y símbolos de agrupación al realizar cálculos.
Saberes y Pensamiento Científico,Matemáticas,2º,Extensión del significado de las operaciones y sus relaciones inversas.,Usa criterios de divisibilidad y números primos al resolver problemas que implican calcular el máximo común divisor y el mínimo común múltiplo.
Saberes y Pensamiento Científico,Matemáticas,2º,Extensión del significado de las operaciones y sus relaciones inversas.,Calcula potencias con exponente entero y la raíz cuadrada. Usa la notación científica.
Saberes y Pensamiento Científico,Matemáticas,3º,Extensión del significado de las operaciones y sus relaciones inversas.,Usa la notación científica al realizar cálculos con cantidades muy grandes o muy pequeñas.
Saberes y Pensamiento Científico,Matemáticas,1º,Regularidades y Patrones.,Representa algebraicamente una sucesión con progresión aritmética de figuras y números.
Saberes y Pensamiento Científico,Matemáticas,2º,Regularidades y Patrones.,Representa algebraicamente una sucesión con progresión cuadrática de figuras y números.
Saberes y Pensamiento Científico,Matemáticas,1º,Introducción al álgebra.,Interpreta y plantea diversas situaciones del lenguaje común al lenguaje algebraico y viceversa
Saberes y Pensamiento Científico,Matemáticas,1º,Introducción al álgebra.,Representa algebraicamente perímetros de figuras.
Saberes y Pensamiento Científico,Matemáticas,2º,Introducción al álgebra.,Representa algebraicamente áreas que generan una expresión cuadrática.
Saberes y Pensamiento Científico,Matemáticas,2º,Introducción al álgebra.,Identifica y usa las propiedades de los exponentes al resolver distintas operaciones algebraicas.
Saberes y Pensamiento Científico,Matemáticas,3º,Introducción al álgebra.,Representa algebraicamente áreas y volúmenes de cuerpos geométricos y calcula el valor de una variable en función de las otras.
Saberes y Pensamiento Científico,Matemáticas,1º,Ecuaciones lineales y cuadráticas.,"Resuelve ecuaciones de la forma $Ax=B$, $Ax+B=C$, $Ax+B=Cx+D$ con el uso de las propiedades de la igualdad."
Saberes y Pensamiento Científico,Matemáticas,1º,Ecuaciones lineales y cuadráticas.,Modela y resuelve problemas cuyo planteamiento es una ecuación lineal.
Saberes y Pensamiento Científico,Matemáticas,1º,Ecuaciones lineales y cuadráticas.,Resuelve problemas de porcentajes en diversas situaciones.
Saberes y Pensamiento Científico,Matemáticas,2º,Ecuaciones lineales y cuadráticas.,Resuelve desigualdades con expresiones algebraicas.
Saberes y Pensamiento Científico,Matemáticas,2º,Ecuaciones lineales y cuadráticas.,Modela y soluciona sistemas de dos ecuaciones lineales con dos incógnitas por algún método para dar respuesta a un problema.
Saberes y Pensamiento Científico,Matemáticas,3º,Ecuaciones lineales y cuadráticas.,Resuelve ecuaciones de la forma $Ax^2+Bx+C=0$ por factorización y fórmula general.
Saberes y Pensamiento Científico,Matemáticas,3º,Ecuaciones lineales y cuadráticas.,Resuelve problemas cuyo planteamiento es una ecuación cuadrática.
Saberes y Pensamiento Científico,Matemáticas,1º,Funciones.,"Relaciona e interpreta relaciones proporcional y no proporcional a partir de su representación tabular, gráfica y con diagramas."
Saberes y Pensamiento Científico,Matemáticas,1º,Funciones.,Modela y resuelve diversas situaciones a través de ecuaciones proporcionales con constante positiva y negativa.
Saberes y Pensamiento Científico,Matemáticas,2º,Funciones.,Modela y resuelve diversas situaciones a través de ecuaciones proporcionales con constante positiva y negativa.
Saberes y Pensamiento Científico,Matemáticas,2º,Funciones.,"Identifica que una función lineal puede representarse de manera tabular, gráfica y algebraica, y analiza sus variaciones."
Saberes y Pensamiento Científico,Matemáticas,3º,Funciones.,"Relaciona e interpreta la variación de dos cantidades a partir de su representación tabular, gráfica y algebraica."
Saberes y Pensamiento Científico,Matemáticas,3º,Funciones.,Explora las propiedades de funciones cuadráticas y modela situaciones con expresiones algebraicas de segundo grado.
Saberes y Pensamiento Científico,Matemáticas,1º,Rectas y ángulos.,"Encuentra y calcula las medidas de los ángulos que se forman al intersecarse dos rectas, incluyendo las relaciones de ángulos opuestos por el vértice, adyacentes, complementarios y suplementarios."
Saberes y Pensamiento Científico,Matemáticas,1º,Rectas y ángulos.,"Explora las figuras básicas de la geometría (punto, recta, segmento, rayo y plano) y las propiedades de las rectas paralelas y perpendiculares."
Saberes y Pensamiento Científico,Matemáticas,2º,Rectas y ángulos.,"Identifica y calcula los ángulos que se forman al intersecarse dos rectas paralelas por una transversal (ángulos alternos internos, alternos externos, correspondientes)."
Saberes y Pensamiento Científico,Matemáticas,1º,Construcción y propiedades de las figuras planas y cuerpos.,"Utiliza regla y compás para trazar puntos medios, mediatrices, bisectrices, rectas perpendiculares y paralelas."
Saberes y Pensamiento Científico,Matemáticas,1º,Construcción y propiedades de las figuras planas y cuerpos.,"Identifica y comprueba las propiedades de congruencia y semejanza de triángulos, y la propiedad de la suma de los ángulos internos de los triángulos y cuadriláteros."
Saberes y Pensamiento Científico,Matemáticas,2º,Construcción y propiedades de las figuras planas y cuerpos.,"Construye con regla y compás polígonos regulares a partir de distintas informaciones (lados, ángulos, diagonales) y analiza sus propiedades."
Saberes y Pensamiento Científico,Matemáticas,3º,Construcción y propiedades de las figuras planas y cuerpos.,"Aplica las propiedades de la congruencia y semejanza de triángulos al resolver problemas, y analiza las propiedades de los sólidos de revolución (cilindro, cono y esfera)."
Saberes y Pensamiento Científico,Matemáticas,3º,Teorema de Pitágoras.,"Formula, justifica y aplica el Teorema de Pitágoras en la resolución de problemas geométricos y situaciones de la vida cotidiana."
Saberes y Pensamiento Científico,Matemáticas,1º,Medición y cálculo en diferentes contextos.,Obtiene y aplica fórmulas para calcular el perímetro y el área de polígonos regulares e irregulares y del círculo.
Saberes y Pensamiento Científico,Matemáticas,1º,Medición y cálculo en diferentes contextos.,Introduce el concepto de volumen al calcular el espacio ocupado por prismas rectos.
Saberes y Pensamiento Científico,Matemáticas,2º,Medición y cálculo en diferentes contextos.,Resuelve problemas que implican calcular el área y volumen de prismas y cilindros rectos mediante el uso de expresiones algebraicas y fórmulas generales.
Saberes y Pensamiento Científico,Matemáticas,3º,Medición y cálculo en diferentes contextos.,"Formula y resuelve problemas que implican calcular el volumen de conos, pirámides y esferas, estableciendo relaciones de volumen entre estos cuerpos geométricos."
Saberes y Pensamiento Científico,Matemáticas,1º,Obtención y representación de información.,"Usa tablas, gráficas de barra y circulares para el análisis de información proveniente de diversas fuentes."
Saberes y Pensamiento Científico,Matemáticas,1º,Obtención y representación de información.,"Lee, interpreta y comunica información que se encuentra en este tipo de representaciones."
Saberes y Pensamiento Científico,Matemáticas,2º,Obtención y representación de información.,"Recolecta, registra y lee datos en histogramas, gráficas poligonales y de línea para interpretar la tendencia de la información."
Saberes y Pensamiento Científico,Matemáticas,3º,Obtención y representación de información.,"Lee, interpreta y comunica información empleando gráficas de caja y brazos, analizando críticamente los datos presentados en medios de comunicación."
Saberes y Pensamiento Científico,Matemáticas,1º,Interpretación de la información a través de medidas de tendencia central y de dispersión.,"Determina y compara las medidas de tendencia central (media, mediana y moda) y de dispersión (rango) de dos conjuntos de datos para tomar decisiones."
Saberes y Pensamiento Científico,Matemáticas,2º,Interpretación de la información a través de medidas de tendencia central y de dispersión.,"Usa e interpreta las medidas de tendencia central y de dispersión (desviación media) en un conjunto de datos, justificando sus conclusiones."
Saberes y Pensamiento Científico,Matemáticas,3º,Interpretación de la información a través de medidas de tendencia central y de dispersión.,Determina y compara los percentiles y cuartiles de un conjunto de datos para analizar de forma detallada la distribución de la información.
Saberes y Pensamiento Científico,Matemáticas,1º,Azar y probabilidad.,"Identifica eventos complementarios, mutuamente excluyentes e independientes en la realización de experimentos aleatorios."
Saberes y Pensamiento Científico,Matemáticas,1º,Azar y probabilidad.,Calcula la probabilidad teórica y frecuencial de un evento simple y analiza sus diferencias.
Saberes y Pensamiento Científico,Matemáticas,2º,Azar y probabilidad.,Resuelve problemas que implican el cálculo de la probabilidad de eventos mutuamente excluyentes y de eventos independientes en situaciones lúdicas o cotidianas.
Saberes y Pensamiento Científico,Matemáticas,3º,Azar y probabilidad.,"Indaga las condiciones necesarias para que un juego de azar sea justo, analizando nociones de probabilidad condicional y el espacio muestral en experimentos compuestos."
Saberes y Pensamiento Científico,Biología,1º,"Los procesos vitales de los seres vivos: nutrición, relación con el medio y reproducción.","Compara las características comunes de los seres vivos, identifica que todos tienen estructuras especializadas para la nutrición, la relación con el medio y la reproducción y los registra como rasgos clasificados para su estudio."
Saberes y Pensamiento Científico,Biología,1º,"Los procesos vitales de los seres vivos: nutrición, relación con el medio y reproducción.",Explica la importancia de la reproducción como proceso para la permanencia de las especies de seres vivos.
Saberes y Pensamiento Científico,Biología,1º,La biodiversidad como expresión del cambio de los seres vivos en el tiempo.,"Analiza información acerca de el estado de la biodiversidad local a partir de fuentes documentales, conjetura razones de su abundancia o escasez de especies y propone acciones para su cuidado."
Saberes y Pensamiento Científico,Biología,1º,La biodiversidad como expresión del cambio de los seres vivos en el tiempo.,Explica los criterios que sustentan la clasificación de los seres vivos de acuerdo con los avances de la ciencia y la tecnología.
Saberes y Pensamiento Científico,Biología,1º,La biodiversidad como expresión del cambio de los seres vivos en el tiempo.,"Describe la importancia de los fósiles y del registro fósil, como pruebas del cambio de la biodiversidad en el tiempo."
Saberes y Pensamiento Científico,Biología,1º,La biodiversidad como expresión del cambio de los seres vivos en el tiempo.,Explica los cambios que han ocurrido en los ecosistemas locales en relación con la biodiversidad a partir de actividades humanas y de fenómenos naturales.
Saberes y Pensamiento Científico,Biología,1º,El calentamiento global a partir de las prácticas de consumo y su alteración a la biodiversidad.,Representa las transferencias de materia y energía entre los organismos de un ecosistema mediante redes y pirámides tróficas; elabora explicaciones sobre las consecuencias de la pérdida de biodiversidad y del cambio en las condiciones del entorno a partir de las actividades humanas.
Saberes y Pensamiento Científico,Biología,1º,El calentamiento global a partir de las prácticas de consumo y su alteración a la biodiversidad.,"Analiza las causas del calentamiento global y sus efectos en la biodiversidad de los ecosistemas, argumentando la importancia de implementar acciones de mitigación del cambio climático."
Saberes y Pensamiento Científico,Biología,1º,Importancia del microscopio para el conocimiento de las células y la biodiversidad.,"Compara la estructura y funciones de la célula con respecto a las características de los seres vivos, argumentando que las células forman tejidos, órganos y sistemas en los organismos complejos."
Saberes y Pensamiento Científico,Biología,1º,Importancia del microscopio para el conocimiento de las células y la biodiversidad.,Describe el papel de la tecnología en el conocimiento de las células y los seres vivos que no se pueden ver a simple vista mediante el uso del microscopio óptico.
Saberes y Pensamiento Científico,Biología,1º,Las vacunas: su relevancia en el control de algunas enfermedades infecciosas.,"Valora la importancia de las vacunas en la prevención y control de enfermedades transmisibles e infecciosas, reconociendo el impacto de la vacunación en la salud pública y colectiva."
Saberes y Pensamiento Científico,Biología,1º,Las vacunas: su relevancia en el control de algunas enfermedades infecciosas.,"Describe las características generales de las bacterias y los virus, formula hipótesis en torno al por qué contraemos enfermedades infecciosas y las contrasta con fuentes de consulta de libre acceso, y argumenta de qué manera la vacunación contribuye de forma colectiva a la erradicación de enfermedades."
Saberes y Pensamiento Científico,Biología,1º,Funcionamiento del cuerpo humano coordinado por los sistemas nervioso y endocrino.,Explica la participación de los sistemas nervioso y endocrino en la coordinación de las funciones del cuerpo humano;
Saberes y Pensamiento Científico,Biología,1º,Funcionamiento del cuerpo humano coordinado por los sistemas nervioso y endocrino.,reconoce el papel general de las hormonas y sus efectos en la maduración sexual y en la reproducción.
Saberes y Pensamiento Científico,Biología,1º,Funcionamiento del cuerpo humano coordinado por los sistemas nervioso y endocrino.,Explica los efectos del consumo de sustancias adictivas en el sistema nervioso y en el funcionamiento integral del cuerpo humano;
Saberes y Pensamiento Científico,Biología,1º,Funcionamiento del cuerpo humano coordinado por los sistemas nervioso y endocrino.,"argumenta la importancia de evitar su consumo a partir del análisis de sus implicaciones en la salud, la sexualidad, la economía y la sociedad;"
Saberes y Pensamiento Científico,Biología,1º,Funcionamiento del cuerpo humano coordinado por los sistemas nervioso y endocrino.,comparte sus aprendizajes por distintos medios.
Saberes y Pensamiento Científico,Biología,1º,Prevención de enfermedades relacionadas con la alimentación y el consumo de alimentos ultraprocesados.,"Identifica causas de la obesidad y la diabetes relacionadas con la dieta y el sedentarismo, a fin de formular su proyecto de vida saludable;"
Saberes y Pensamiento Científico,Biología,1º,Prevención de enfermedades relacionadas con la alimentación y el consumo de alimentos ultraprocesados.,"incluye factores protectores y propone acciones para reducir factores de riesgo, incluyendo su entorno familiar y comunitario."
Saberes y Pensamiento Científico,Biología,1º,Prevención de enfermedades relacionadas con la alimentación y el consumo de alimentos ultraprocesados.,Formula hipótesis acerca de las consecuencias de carencia o exceso de nutrimentos en la dieta;
Saberes y Pensamiento Científico,Biología,1º,Prevención de enfermedades relacionadas con la alimentación y el consumo de alimentos ultraprocesados.,"interpreta datos que muestran la correlación entre la incidencia de enfermedades como la caries e hipertensión y el consumo de exceso de sal, azúcar y grasas saturadas."
Saberes y Pensamiento Científico,Biología,1º,La diversidad de saberes e intercambio de conocimientos acerca de los seres vivos y las relaciones con el medio ambiente.,"Reconoce la importancia de los conocimientos, prácticas e innovaciones de los pueblos originarios acerca de los seres vivos;"
Saberes y Pensamiento Científico,Biología,1º,La diversidad de saberes e intercambio de conocimientos acerca de los seres vivos y las relaciones con el medio ambiente.,"intercambia vivencias y experiencias asociadas al aprovechamiento y la protección como el uso de la herbolaria, la milpa o la conservación de los bosques."
Saberes y Pensamiento Científico,Biología,1º,La diversidad de saberes e intercambio de conocimientos acerca de los seres vivos y las relaciones con el medio ambiente.,Explica por qué los saberes de los pueblos originarios han aportado al aprovechamiento de los recursos naturales en el ecosistema local;
Saberes y Pensamiento Científico,Biología,1º,La diversidad de saberes e intercambio de conocimientos acerca de los seres vivos y las relaciones con el medio ambiente.,"analiza sus contribuciones a la agricultura, el pastoreo y la pesca sustentables;"
Saberes y Pensamiento Científico,Biología,1º,La diversidad de saberes e intercambio de conocimientos acerca de los seres vivos y las relaciones con el medio ambiente.,comunica sus hallazgos usando diferentes lenguajes y representaciones.
Saberes y Pensamiento Científico,Física,2º,"El pensamiento científico, una forma de plantear y solucionar problemas y su incidencia en la transformación de la sociedad.",Describe problemas comunes de la vida cotidiana explicando cómo se procede para buscarles solución;
Saberes y Pensamiento Científico,Física,2º,"El pensamiento científico, una forma de plantear y solucionar problemas y su incidencia en la transformación de la sociedad.",conoce y caracteriza el pensamiento científico para plantearse y resolver problemas en la escuela y su cotidianeidad.
Saberes y Pensamiento Científico,Física,2º,"El pensamiento científico, una forma de plantear y solucionar problemas y su incidencia en la transformación de la sociedad.",Indaga en diferentes fuentes de consulta las aportaciones de mujeres y hombres en el desarrollo de la Física y su contribución al conocimiento científico y tecnológico a nivel nacional e internacional para valorar su influencia en la sociedad actual.
Saberes y Pensamiento Científico,Física,2º,Unidades y medidas utilizados en Física.,"Identifica las unidades de medición que se ocupan en su entorno escolar, familiar y en su comunidad."
Saberes y Pensamiento Científico,Física,2º,Unidades y medidas utilizados en Física.,"Identifica cuáles son, cómo se definen y cuál es la simbología de las unidades básicas y derivadas del Sistema Internacional de Unidades."
Saberes y Pensamiento Científico,Física,2º,Unidades y medidas utilizados en Física.,Conoce los instrumentos de medición y realiza conversiones con los múltiplos y submúltiplos al referirse a una magnitud.
Saberes y Pensamiento Científico,Física,2º,"Estructura, propiedades y características de la materia.","Indaga sobre los saberes y prácticas del uso de materiales y sus propiedades y características para construcción, vestimenta y artefactos de uso común."
Saberes y Pensamiento Científico,Física,2º,"Estructura, propiedades y características de la materia.","Relaciona e interpreta las teorías sobre estructura de la materia, a partir de los modelos atómicos y de partículas y los fenómenos que les dieron origen."
Saberes y Pensamiento Científico,Física,2º,"Estructura, propiedades y características de la materia.",Explora algunos avances recientes en la comprensión de la constitución de la materia y reconoce el proceso histórico de construcción de nuevas teorías.
Saberes y Pensamiento Científico,Física,2º,Estados de agregación de la materia.,"Experimenta e interpreta los modelos atómicos y de partículas al proponer hipótesis que expliquen los tres estados de la materia, sus propiedades físicas como la temperatura de fusión, ebullición, densidad, entre otros."
Saberes y Pensamiento Científico,Física,2º,Estados de agregación de la materia.,Interpreta la temperatura y el equilibrio térmico con base en el modelo de partículas.
Saberes y Pensamiento Científico,Física,2º,Interacciones en fenómenos relacionados con la fuerza y el movimiento.,Experimenta e interpreta las interacciones de la fuerza y el movimiento relacionados con las Leyes de Newton para explicar actividades cotidianas.
Saberes y Pensamiento Científico,Física,2º,Interacciones en fenómenos relacionados con la fuerza y el movimiento.,Identifica los elementos y los diferentes tipos de movimiento relacionados con la velocidad y aceleración y realiza experimentos sencillos.
Saberes y Pensamiento Científico,Física,2º,Principios de Pascal y de Arquímedes.,"Experimenta e interpreta las interacciones de la fuerza y el movimiento relacionados con los principios de Pascal y de Arquímedes, para explicar actividades cotidianas."
Saberes y Pensamiento Científico,Física,2º,Principios de Pascal y de Arquímedes.,Identifica algunos aspectos del uso de estos principios en objetos cotidianos o de uso común.
Saberes y Pensamiento Científico,Física,2º,Principios de Pascal y de Arquímedes.,Explica el funcionamiento de algunos aparatos tecnológicos de uso cotidiano a partir de los principios de Pascal y de Arquímedes.
Saberes y Pensamiento Científico,Física,2º,Saberes y prácticas para el aprovechamiento de energías y la sustentabilidad.,Analiza las características de la energía mecánica (cinética y potencial) y describe casos donde se conserva.
Saberes y Pensamiento Científico,Física,2º,Saberes y prácticas para el aprovechamiento de energías y la sustentabilidad.,"Relaciona al calor como una forma de energía y describe los motores que funcionan con energía calorífica, los efectos del calor disipado, los gases de efecto invernadero y sus efectos en la atmósfera."
Saberes y Pensamiento Científico,Física,2º,Saberes y prácticas para el aprovechamiento de energías y la sustentabilidad.,"Diseña, construye y evalúa un prototipo o experimento de aprovechamiento de energía solar o eólica, que priorice el desarrollo sustentable."
Saberes y Pensamiento Científico,Física,2º,Interacciones de la electricidad y el magnetismo.,"Experimenta e interpreta algunas manifestaciones y aplicaciones de la electricidad, e identifica los cuidados que requiere su uso al revisar cuando los materiales son conductores o aislantes ante la corriente eléctrica."
Saberes y Pensamiento Científico,Física,2º,Interacciones de la electricidad y el magnetismo.,Descubre las características del magnetismo con base en la experimentación con imanes y el movimiento de cargas eléctricas.
Saberes y Pensamiento Científico,Física,2º,Interacciones de la electricidad y el magnetismo.,Relaciona e interpreta el electromagnetismo a partir de experimentos sobre el campo magnético generado por una corriente eléctrica y los efectos de atracción y repulsión magnética.
Saberes y Pensamiento Científico,Física,2º,Composición del Universo y el Sistema Solar.,Indaga cómo se lleva a cabo la exploración de los cuerpos celestes por medio de la detección y procesamiento de las ondas electromagnéticas que emiten.
Saberes y Pensamiento Científico,Física,2º,Composición del Universo y el Sistema Solar.,"Relaciona e interpreta las características y dinámica del Sistema Solar con la gravitación y el movimiento de los planetas, en particular el caso de la Tierra y la Luna."
Saberes y Pensamiento Científico,Física,2º,Composición del Universo y el Sistema Solar.,Indaga algunos avances recientes en la comprensión sobre la evolución del Universo y su composición.
Saberes y Pensamiento Científico,Física,2º,"Fenómenos, procesos y factores asociados al cambio climático.",Formula hipótesis que relacionan la actividad humana con el aumento de temperatura en el planeta y la emisión de gases de efecto invernadero; diferencia entre calor y temperatura.
Saberes y Pensamiento Científico,Física,2º,"Fenómenos, procesos y factores asociados al cambio climático.","Diferencia entre calor, radiación y temperatura, al explicar el efecto invernadero."
Saberes y Pensamiento Científico,Física,2º,"Fenómenos, procesos y factores asociados al cambio climático.",Explica la descomposición de la luz blanca en el espectro electromagnético para entender las características de la radiación solar y su relación con el efecto invernadero.
Saberes y Pensamiento Científico,Química,3º,"Los hitos que contribuyeron al avance del conocimiento científico y tecnológico en el ámbito nacional e internacional, así como su relación en la satisfacción de necesidades humanas y sus implicaciones en la naturaleza.","Reconoce los aportes de saberes de diferentes pueblos y culturas en la satisfacción de necesidades humanas en diversos ámbitos (medicina, construcción, artesanías, textiles y alimentos)."
Saberes y Pensamiento Científico,Química,3º,"Los hitos que contribuyeron al avance del conocimiento científico y tecnológico en el ámbito nacional e internacional, así como su relación en la satisfacción de necesidades humanas y sus implicaciones en la naturaleza.",Indaga en fuentes de consulta creadas en el ámbito nacional e internacional para valorar el alcance de las aportaciones científicas y tecnológicas de mujeres y hombres en el desarrollo de la Química y su influencia en la sociedad actual.
Saberes y Pensamiento Científico,Química,3º,"Los hitos que contribuyeron al avance del conocimiento científico y tecnológico en el ámbito nacional e internacional, así como su relación en la satisfacción de necesidades humanas y sus implicaciones en la naturaleza.","Reflexiona acerca de los hábitos de consumo responsable a partir del análisis de las actividades humanas y de sus implicaciones en la naturaleza, en el marco de la orientación sustentable."
Saberes y Pensamiento Científico,Química,3º,"Las propiedades extensivas e intensivas, como una forma de identificar sustancias y materiales de uso común, así como el aprovechamiento en actividades humanas.","Formula hipótesis para diferenciar propiedades extensivas (masa y volumen) e intensivas (temperatura de fusión, de ebullición, densidad, solubilidad y viscosidad), por medio de actividades experimentales y las contrasta con el análisis de datos de fuentes de consulta."
Saberes y Pensamiento Científico,Química,3º,"Las propiedades extensivas e intensivas, como una forma de identificar sustancias y materiales de uso común, así como el aprovechamiento en actividades humanas.",Reconoce la importancia del uso de instrumentos de medición para identificar y diferenciar propiedades de sustancias y materiales cotidianos.
Saberes y Pensamiento Científico,Química,3º,"Composición de las mezclas y su clasificación en homogéneas y heterogéneas, así como métodos de separación (evaporación, decantación, filtración, extracción, sublimación, cromatografía y cristalización) aplicados en diferentes contextos.","Describe los componentes de una mezcla en términos de soluto y disolvente, a partir de actividades experimentales de libre elección."
Saberes y Pensamiento Científico,Química,3º,"Composición de las mezclas y su clasificación en homogéneas y heterogéneas, así como métodos de separación (evaporación, decantación, filtración, extracción, sublimación, cromatografía y cristalización) aplicados en diferentes contextos.",Clasifica mezclas de uso cotidiano en homogéneas y heterogéneas a partir de sus propiedades estables observadas en el entorno.
Saberes y Pensamiento Científico,Química,3º,"Composición de las mezclas y su clasificación en homogéneas y heterogéneas, así como métodos de separación (evaporación, decantación, filtración, extracción, sublimación, cromatografía y cristalización) aplicados en diferentes contextos.","Deduce métodos para separar mezclas de uso cotidiano (evaporación, decantación, filtración, extracción, sublimación, cromatografía y cristalización) con base en las propiedades físicas de los componentes involucrados, a través de actividades experimentales."
Saberes y Pensamiento Científico,Química,3º,"Composición de las mezclas y su clasificación en homogéneas y heterogéneas, así como métodos de separación (evaporación, decantación, filtración, extracción, sublimación, cromatografía y cristalización) aplicados en diferentes contextos.","Analiza críticamente la importancia y utilidad de los métodos de separación de mezclas en actividades humanas, procesos industriales y en el cuidado del medio ambiente."
Saberes y Pensamiento Científico,Química,3º,Importancia de la concentración de sustancias en mezclas de productos de uso cotidiano.,"Analiza la concentración de sustancias expresada en porcentaje en masa y porcentaje en volumen en productos de higiene personal, alimentos y limpieza de uso común, entre otros, para la toma de decisiones orientadas al cuidado de la salud y el consumo responsable."
Saberes y Pensamiento Científico,Química,3º,Importancia de la concentración de sustancias en mezclas de productos de uso cotidiano.,"Relaciona la concentración de una mezcla con la efectividad o toxicidad de un producto de uso cotidiano, considerando sus efectos en la salud humana y el medio ambiente."
Saberes y Pensamiento Científico,Química,3º,Importancia de la concentración de sustancias en mezclas de productos de uso cotidiano.,Desarrolla habilidades de cálculo matemático al determinar concentraciones en partes por millón (ppm) o porcentaje en situaciones problemáticas contextualizadas en la comunidad.
Saberes y Pensamiento Científico,Química,3º,"Presencia de contaminantes y su concentración, relacionada con la degradación y contaminación ambiental en la comunidad.","Indaga situaciones problemáticas relacionadas con la degradación e inactivación de biomoléculas u otros componentes orgánicos en la comunidad por la presencia de contaminantes, para proponer medidas preventivas y de mitigación."
Saberes y Pensamiento Científico,Química,3º,"Presencia de contaminantes y su concentración, relacionada con la degradación y contaminación ambiental en la comunidad.","Sistematiza la información de diferentes fuentes de consulta, orales y escritas, acerca de la concentración de contaminantes (partes por millón, porcentaje en masa y volumen) en el aire, agua y suelo de su comunidad."
Saberes y Pensamiento Científico,Química,3º,"Presencia de contaminantes y su concentración, relacionada con la degradación y contaminación ambiental en la comunidad.",Diseña y ejecuta un plan de acción sustentable en su comunidad escolar o local para disminuir y mitigar los efectos de los contaminantes identificados.
Saberes y Pensamiento Científico,Química,3º,"Mezclas, compuestos y elementos representados con el modelo corpuscular de la materia en sólidos, líquidos y gases, así como su caracterización mediante actividades experimentales.","Explica semejanzas y diferencias de mezclas, compuestos y elementos, a partir de actividades experimentales y los clasifica con base en sus características en macroscópicas."
Saberes y Pensamiento Científico,Química,3º,"Mezclas, compuestos y elementos representados con el modelo corpuscular de la materia en sólidos, líquidos y gases, así como su caracterización mediante actividades experimentales.","Construye modelos corpusculares de mezclas, compuestos y elementos, en sólidos, líquidos y gases, para representar la estructura interna de la materia y explicar sus propiedades físicas."
Saberes y Pensamiento Científico,Química,3º,"Mezclas, compuestos y elementos representados con el modelo corpuscular de la materia en sólidos, líquidos y gases, así como su caracterización mediante actividades experimentales.",Argumenta la importancia de las aportaciones de John Dalton y otros científicos en la construcción del modelo atómico para comprender la naturaleza de la materia.
Saberes yamp; Pensamiento Científico,Química,3º,"La Tabla periódica: criterios de clasificación de los elementos químicos y sus propiedades (electronegatividad, energía de ionización y radio atómico).","Reconoce la organización y clasificación de los elementos químicos en la Tabla periódica a partir de sus propiedades e identifica grupos, periodos y bloques."
Saberes y Pensamiento Científico,Química,3º,"La Tabla periódica: criterios de clasificación de los elementos químicos y sus propiedades (electronegatividad, energía de ionización y radio atómico).","Construye modelos atómicos de Bohr (protones, neutrones, electrones) e identifica los electrones de valencia para explicar la reactividad de los elementos químicos."
Saberes y Pensamiento Científico,Química,3º,"La Tabla periódica: criterios de clasificación de los elementos químicos y sus propiedades (electronegatividad, energía de ionización y radio atómico).","Argumenta e interpreta las tendencias de las propiedades periódicas (electronegatividad, energía de ionización y radio atómico) en la Tabla periódica para predecir el comportamiento y la reactividad de los elementos químicos."
Saberes y Pensamiento Científico,Química,3º,"La Tabla periódica: criterios de clasificación de los elementos químicos y sus propiedades (electronegatividad, energía de ionización y radio atómico).",Representa los electrones de valencia de átomos de diferentes elementos químicos por medio de diagramas de Lewis y los relaciona con el grupo al que pertenecen en la Tabla periódica.
Saberes y Pensamiento Científico,Química,3º,"Los compuestos iónicos y moleculares: propiedades y estructura, así como su importancia en diferentes ámbitos.","Experimenta y diferencia los compuestos iónicos y moleculares, a partir de las propiedades identificadas en actividades experimentales."
Saberes y Pensamiento Científico,Química,3º,"Los compuestos iónicos y moleculares: propiedades y estructura, así como su importancia en diferentes ámbitos.","Analiza la formación y estructura de compuestos iónicos y moleculares, a partir de las propiedades de la Tabla periódica."
Saberes y Pensamiento Científico,Química,3º,"Los compuestos iónicos y moleculares: propiedades y estructura, así como su importancia en diferentes ámbitos.",Valora el aprovechamiento de propiedades de compuestos iónicos y moleculares en el cuerpo humano y en diferentes ámbitos.
Saberes y Pensamiento Científico,Química,3º,"Los alimentos como fuente de energía química: carbohidratos, proteínas y lípidos.","Reconoce los saberes de pueblos y culturas acerca de la diversidad de los alimentos y su importancia en el diseño de menús, orientados a una dieta saludable, acorde al contexto."
Saberes y Pensamiento Científico,Química,3º,"Los alimentos como fuente de energía química: carbohidratos, proteínas y lípidos.","Explica cómo obtiene la energía el cuerpo humano, a partir de los nutrimentos e identifica los alimentos que los contienen."
Saberes y Pensamiento Científico,Química,3º,"Los alimentos como fuente de energía química: carbohidratos, proteínas y lípidos.","Valora la importancia de vitaminas, minerales y agua simple potable, para el adecuado funcionamiento del cuerpo humano, e identifica los impactos de su deficiencia."
Saberes y Pensamiento Científico,Química,3º,"Los alimentos como fuente de energía química: carbohidratos, proteínas y lípidos.","Analiza el aporte energético de los alimentos y lo relaciona con las actividades físicas personales, a fin de tomar decisiones vinculadas a una dieta saludable."
Saberes y Pensamiento Científico,Química,3º,"Las reacciones químicas: manifestaciones, propiedades e interpretación de las ecuaciones químicas con base en la Ley de conservación de la materia, así como la absorción o desprendimiento de energía en forma de calor.","Reconoce distintas reacciones químicas en su entorno y en actividades experimentales, a partir de sus manifestaciones y el cambio de propiedades de reactivos a productos."
Saberes y Pensamiento Científico,Química,3º,"Las reacciones químicas: manifestaciones, propiedades e interpretación de las ecuaciones químicas con base en la Ley de conservación de la materia, así como la absorción o desprendimiento de energía en forma de calor.","Representa reacciones mediante modelos tridimensionales y ecuaciones químicas, con base en el lenguaje científico y la Ley de la conservación de la materia."
Saberes y Pensamiento Científico,Química,3º,"Las reacciones químicas: manifestaciones, propiedades e interpretación de las ecuaciones químicas con base en la Ley de conservación de la materia, así como la absorción o desprendimiento de energía en forma de calor.",Explica y representa intercambios de materia y energía –endotérmicas y exotérmicas– de reactivos a productos y su aprovechamiento en actividades humanas.
Saberes y Pensamiento Científico,Química,3º,"Las reacciones químicas: manifestaciones, propiedades e interpretación de las ecuaciones químicas con base en la Ley de conservación de la materia, así como la absorción o desprendimiento de energía en forma de calor.","Explica lo que cambia y lo que permanece en una reacción química y valora su importancia, para producir nuevas sustancias y satisfacer necesidades humanas, así como solucionar problemas relacionados con la salud y el medio ambiente."
"Ética, Naturaleza y Sociedades",Geografía,1º,El espacio geográfico como una construcción social y colectiva.,Comprende que el espacio geográfico se conforma de interrelaciones sociedad-naturaleza.
"Ética, Naturaleza y Sociedades",Geografía,1º,El espacio geográfico como una construcción social y colectiva.,Reconoce que el patrimonio biocultural es resultado de la relación entre las culturas ancestrales y la naturaleza.
"Ética, Naturaleza y Sociedades",Geografía,1º,El espacio geográfico como una construcción social y colectiva.,Distingue la distribución de las regiones bioculturales en México y el mundo.
"Ética, Naturaleza y Sociedades",Geografía,1º,Las categorías de análisis espacial y representaciones del espacio geográfico.,"Reconoce saberes ancestrales acerca del espacio geográfico, formas de ubicación y representaciones en México y el mundo."
"Ética, Naturaleza y Sociedades",Geografía,1º,Las categorías de análisis espacial y representaciones del espacio geográfico.,"Utiliza conceptos de localización, distribución, diversidad, temporalidad y cambio e interacción para el estudio del espacio geográfico."
"Ética, Naturaleza y Sociedades",Geografía,1º,Las categorías de análisis espacial y representaciones del espacio geográfico.,Emplea herramientas geográficas para el análisis de los componentes del espacio geográfico y representa sus variaciones.
"Ética, Naturaleza y Sociedades",Geografía,1º,La distribución y dinámica de las aguas continentales y oceánicas en la Tierra.,"Analiza la distribución de las aguas continentales en México y el Mundo: principales ríos, lagos, aguas subterráneas, llanuras inundables y humedales."
"Ética, Naturaleza y Sociedades",Geografía,1º,La distribución y dinámica de las aguas continentales y oceánicas en la Tierra.,"Reconoce la importancia de las cuencas hidrográficas para el desarrollo económico en México y el mundo, así como para la conservación del agua y biodiversidad."
"Ética, Naturaleza y Sociedades",Geografía,1º,La distribución y dinámica de las aguas continentales y oceánicas en la Tierra.,Valora el agua como recurso de vida y reconoce la importancia de su gestión sustentable para reducir la vulnerabilidad ante crisis hídricas.
"Ética, Naturaleza y Sociedades",Geografía,1º,"La relación de las placas tectónicas con el relieve, la sismicidad y el vulcanismo.","Identifica qué son las placas tectónicas, cuáles son sus características y dinámica."
"Ética, Naturaleza y Sociedades",Geografía,1º,"La relación de las placas tectónicas con el relieve, la sismicidad y el vulcanismo.","Argumenta la relación entre las placas tectónicas con las regiones sísmicas y volcánicas en México y el mundo, para fortalecer la cultura de la prevención."
"Ética, Naturaleza y Sociedades",Geografía,1º,"La relación de las placas tectónicas con el relieve, la sismicidad y el vulcanismo.","Relaciona los movimientos de las placas tectónicas con la formación del relieve (valles, montañas, mesetas, llanuras) y asocia su distribución en México y el mundo."
"Ética, Naturaleza y Sociedades",Geografía,1º,"Los riesgos de desastre, su relación con los procesos naturales y la vulnerabilidad de la población en lugares específicos.",Identifica que los desastres pueden ser originados por procesos naturales o por actividades humanas.
"Ética, Naturaleza y Sociedades",Geografía,1º,"Los riesgos de desastre, su relación con los procesos naturales y la vulnerabilidad de la población en lugares específicos.",Relaciona los efectos de los desastres con las condiciones socioeconómicas de la población vulnerable y argumenta la importancia de la participación solidaria.
"Ética, Naturaleza y Sociedades",Geografía,1º,"Los riesgos de desastre, su relación con los procesos naturales y la vulnerabilidad de la población en lugares específicos.",Valora la importancia de consolidar una cultura de prevención de desastres con el uso de herramientas geográficas.
"Ética, Naturaleza y Sociedades",Geografía,1º,"Crecimiento, distribución, composición y migración de la población.","Analiza las implicaciones sociales, ambientales y económicas del crecimiento, distribución y composición de la población en diferentes países, con base en información estadística y cartográfica."
"Ética, Naturaleza y Sociedades",Geografía,1º,"Crecimiento, distribución, composición y migración de la población.",Emplea las nociones de concentración y dispersión de la población para explicar los rasgos del espacio urbano y rural.
"Ética, Naturaleza y Sociedades",Geografía,1º,"Crecimiento, distribución, composición y migración de la población.","Reconoce los tipos de migración y sus principales flujos, analiza los efectos socioeconómicos y culturales en los lugares de atracción y expulsión de población."
"Ética, Naturaleza y Sociedades",Geografía,1º,"Los procesos productivos y sus consecuencias ambientales y sociales en la comunidad, México y el mundo.","Compara procesos productivos de granos básicos en México y el mundo, para analizar sus implicaciones sociales y ambientales."
"Ética, Naturaleza y Sociedades",Geografía,1º,"Los procesos productivos y sus consecuencias ambientales y sociales en la comunidad, México y el mundo.","Analiza contradicciones en los procesos productivos de la comunidad, de México y el mundo en cuanto al acceso a bienes y servicios, así como su impacto en el medio ambiente."
"Ética, Naturaleza y Sociedades",Geografía,1º,"Las prácticas de producción, distribución y consumo sustentables como alternativas para preservar el medio ambiente y asegurar el bienestar de las generaciones presentes y futuras.","Comprende qué es el desarrollo sustentable e identifica prácticas de producción, distribución y consumo sustentables en México y el mundo."
"Ética, Naturaleza y Sociedades",Geografía,1º,"Las prácticas de producción, distribución y consumo sustentables como alternativas para preservar el medio ambiente y asegurar el bienestar de las generaciones presentes y futuras.","Evalúa estrategias de consumo sustentable implementadas a nivel personal, familiar y comunitario, así como por instituciones del Estado o de la sociedad civil para el cuidado de la biodiversidad y el bienestar social."
"Ética, Naturaleza y Sociedades",Geografía,1º,"Las prácticas de producción, distribución y consumo sustentables como alternativas para preservar el medio ambiente y asegurar el bienestar de las generaciones presentes y futuras.","Propone alternativas sustentables en la producción, distribución y consumo de bienes y servicios para asegurar el bienestar de las generaciones presentes y futuras en la comunidad."
"Ética, Naturaleza y Sociedades",Geografía,1º,"Las desigualdades socioeconómicas en México y el mundo, y sus efectos en la calidad de vida de las personas.",Comprende qué son las desigualdades socioeconómicas e identifica sus efectos y repercusiones en la vida de las personas.
"Ética, Naturaleza y Sociedades",Geografía,1º,"Las desigualdades socioeconómicas en México y el mundo, y sus efectos en la calidad de vida de las personas.","Compara las desigualdades socioeconómicas en México y el mundo, mediante el análisis de indicadores de calidad de vida, para explicar sus efectos en el bienestar de la población."
"Ética, Naturaleza y Sociedades",Geografía,1º,"Las desigualdades socioeconómicas en México y el mundo, y sus efectos en la calidad de vida de las personas.","Propone acciones para reducir las desigualdades socioeconómicas en la comunidad, México y el mundo, a partir de la solidaridad y la justicia social."
"Ética, Naturaleza y Sociedades",Geografía,1º,"Los conflictos territoriales actuales en México y el mundo, y sus implicaciones ambientales y sociales.","Debate acerca de la multicausalidad de los conflictos territoriales en México y el mundo, la importancia de la ubicación geográfica de las partes involucradas y las consecuencias ambientales, sociales, económicas y políticas en México y el mundo."
"Ética, Naturaleza y Sociedades",Geografía,1º,"Los conflictos territoriales actuales en México y el mundo, y sus implicaciones ambientales y sociales.","Promueve alternativas de resolución pacífica para disminuir las implicaciones de los conflictos territoriales en el lugar donde vive, en México y el mundo."
"Ética, Naturaleza y Sociedades",Geografía,1º,"Los retos sociales y ambientales en la comunidad, en México y el mundo.","Reconoce cómo las problemáticas sociales y ambientales afectan a la comunidad, México y el mundo, y propone acciones orientadas a la sustentabilidad."
"Ética, Naturaleza y Sociedades",Geografía,1º,"Los retos sociales y ambientales en la comunidad, en México y el mundo.","Asume responsabilidad social frente a los retos sociales y ambientales de la comunidad, México y el mundo, a partir de la participación comunitaria."
"Ética, Naturaleza y Sociedades",Geografía,1º,La diversidad de grupos sociales y culturales en México.,"Reconoce la diversidad de pueblos originarios y afromexicanos en México, a partir de su origen, ubicación y características de su cultura para valorar su identidad."
"Ética, Naturaleza y Sociedades",Geografía,1º,La diversidad de grupos sociales y culturales en México.,Valora la importancia de la pluriculturalidad en México y argumenta la necesidad de promover el respeto a los derechos culturales y colectivos de todos los pueblos.
"Ética, Naturaleza y Sociedades",Geografía,1º,"El suelo, recurso estratégico para la seguridad alimentaria y la vida en el planeta.","Comparte alternativas para el cuidado y uso sustentable del suelo en la comunidad, a partir de la identificación de sus funciones y causas de degradación."
"Ética, Naturaleza y Sociedades",Geografía,1º,"El suelo, recurso estratégico para la seguridad alimentaria y la vida en el planeta.","Comprende que el suelo es un recurso estratégico para la seguridad alimentaria y la vida en el planeta, y asume de manera responsable un papel para su conservación."
"Ética, Naturaleza y Sociedades",Geografía,1º,"El suelo, recurso estratégico para la seguridad alimentaria y la vida en el planeta.",Analiza la distribución de los principales tipos de suelo en México y el mundo y los asocia con las actividades económicas de la población.
"Ética, Naturaleza y Sociedades",Geografía,1º,El reto del cambio climático.,"Reconoce las relaciones e interacciones entre los elementos y los factores del clima como base para comprender, de manera integral, el funcionamiento global de la atmósfera."
"Ética, Naturaleza y Sociedades",Geografía,1º,El reto del cambio climático.,"Indaga y analiza de manera crítica los cambios ocurridos en el clima, sus causas y consecuencias en México y el mundo."
"Ética, Naturaleza y Sociedades",Geografía,1º,El reto del cambio climático.,Asume una postura crítica y activa ante los fenómenos derivados del calentamiento global y el cambio climático.
"Ética, Naturaleza y Sociedades",Historia,1º,Los albores de la humanidad: los pueblos antiguos del mundo y su devenir.,"Busca, localiza y selecciona fuentes de información que tratan respecto de los vestigios o restos humanos identificados hasta el momento en el espacio de nuestro país."
"Ética, Naturaleza y Sociedades",Historia,1º,Los albores de la humanidad: los pueblos antiguos del mundo y su devenir.,Investiga acerca de restos fósiles de homínidos encontrados en todo el mundo y organiza la información.
"Ética, Naturaleza y Sociedades",Historia,1º,Los albores de la humanidad: los pueblos antiguos del mundo y su devenir.,Explica cómo se establece el poblamiento a partir de la noción de espacio-tiempo histórico.
"Ética, Naturaleza y Sociedades",Historia,1º,Los albores de la humanidad: los pueblos antiguos del mundo y su devenir.,"Recupera las explicaciones de Darwin sobre el origen y evolución de la biodiversidad, particularizando en el caso humano."
"Ética, Naturaleza y Sociedades",Historia,1º,Los albores de la humanidad: los pueblos antiguos del mundo y su devenir.,Investiga las explicaciones de pueblos antiguos del mundo acerca del origen de la vida y el de la humanidad y reflexiona en torno a ellas.
"Ética, Naturaleza y Sociedades",Historia,1º,Los albores de la humanidad: los pueblos antiguos del mundo y su devenir.,Compara mitos fundacionales de pueblos antiguos de México y de otras partes del mundo.
"Ética, Naturaleza y Sociedades",Historia,1º,Los albores de la humanidad: los pueblos antiguos del mundo y su devenir.,Reflexiona e investiga sobre el origen de la biodiversidad en el planeta con base en explicaciones científicas y las contrasta con los mitos fundacionales.
"Ética, Naturaleza y Sociedades",Historia,1º,Los albores de la humanidad: los pueblos antiguos del mundo y su devenir.,Distingue y clasifica evidencias históricas para explicarse el origen del poblamiento de América.
"Ética, Naturaleza y Sociedades",Historia,1º,Los albores de la humanidad: los pueblos antiguos del mundo y su devenir.,Reflexiona en torno al caso del Hombre de Tepexpan y la temporalidad del poblamiento de América.
"Ética, Naturaleza y Sociedades",Historia,1º,Los albores de la humanidad: los pueblos antiguos del mundo y su devenir.,Reconoce el significado en su vida de la práctica de la recolección y la caza en las sociedades nómadas de cazadores-recolectores.
"Ética, Naturaleza y Sociedades",Historia,1º,Los albores de la humanidad: los pueblos antiguos del mundo y su devenir.,Describe elementos de la vida cotidiana de las sociedades cazadoras-recolectoras para explicar cómo se relacionaban de manera armónica con la naturaleza en busca de su sustento.
"Ética, Naturaleza y Sociedades",Historia,1º,Los albores de la humanidad: los pueblos antiguos del mundo y su devenir.,Analiza el proceso de domesticación de plantas y animales y la consecuente sedentarización en nuestro país y en el mundo.
"Ética, Naturaleza y Sociedades",Historia,1º,Los albores de la humanidad: los pueblos antiguos del mundo y su devenir.,"Explica la dinámica de las culturas agrícolas que se asentaron en el territorio de lo que hoy es México, en la perspectiva del espacio-tiempo histórico."
"Ética, Naturaleza y Sociedades",Historia,1º,Los albores de la humanidad: los pueblos antiguos del mundo y su devenir.,Plantea preguntas y conjeturas acerca de cómo cambiaron las sociedades agrícolas con la domesticación de plantas y animales.
"Ética, Naturaleza y Sociedades",Historia,1º,Los albores de la humanidad: los pueblos antiguos del mundo y su devenir.,Reconoce que la agricultura obligó a las sociedades a cambiar las formas de organización y la relación con la naturaleza.
"Ética, Naturaleza y Sociedades",Historia,1º,Los albores de la humanidad: los pueblos antiguos del mundo y su devenir.,"Investiga de manera individual o comunitaria acerca de las culturas que se desarrollaron en regiones de Mesoamérica, Aridoamérica y Oasisamérica, y organiza la información en un mapa para ubicar el espacio y el tiempo."
"Ética, Naturaleza y Sociedades",Historia,1º,Los albores de la humanidad: los pueblos antiguos del mundo y su devenir.,"Emplea sistemas de ubicación espacial y nociones de temporalidad para explicar la dinámica de las sociedades agrícolas mesoamericanas, aridoamericanas y oasisamericanas."
"Ética, Naturaleza y Sociedades",Historia,1º,Los albores de la humanidad: los pueblos antiguos del mundo y su devenir.,"Reconstruye aspectos de la vida cotidiana en las culturas mesoamericanas, aridoamericanas y oasisamericanas a partir de fuentes históricas y arqueológicas."
"Ética, Naturaleza y Sociedades",Historia,1º,Los albores de la humanidad: los pueblos antiguos del mundo y su devenir.,Analiza el surgimiento de las primeras ciudades y los rasgos de las civilizaciones antiguas asociadas al control de los ríos y el mar en el mundo.
"Ética, Naturaleza y Sociedades",Historia,1º,Los albores de la humanidad: los pueblos antiguos del mundo y su devenir.,Indaga en fuentes históricas y arqueológicas acerca del surgimiento de las ciudades en Mesoamérica y asocia su importancia con el control de recursos y el poder político.
"Ética, Naturaleza y Sociedades",Historia,1º,Los albores de la humanidad: los pueblos antiguos del mundo y su devenir.,Vincula y contrasta el surgimiento de las primeras ciudades y estados en el mundo con el desarrollo de las culturas agrícolas mesoamericanas.
"Ética, Naturaleza y Sociedades",Historia,1º,Los albores de la humanidad: los pueblos antiguos del mundo y su devenir.,"Analiza la estructura social, económica, política y cultural de las civilizaciones de la antigüedad en el mundo para comprender los rasgos comunes y las particularidades."
"Ética, Naturaleza y Sociedades",Historia,1º,Los albores de la humanidad: los pueblos antiguos del mundo y su devenir.,"Valora los aportes culturales, científicos y tecnológicos de las civilizaciones antiguas del mundo y de Mesoamérica en la conformación de la sociedad actual."
"Ética, Naturaleza y Sociedades",Historia,3º,Los albores de la humanidad: los pueblos antiguos del mundo y su devenir.,"Reconoce que la Historia es una reconstrucción científica del pasado que se hace desde el presente y que al igual que en otras ciencias, la ideología y la metodología del historiador determinan su mirada del pasado."
"Ética, Naturaleza y Sociedades",Historia,3º,Los albores de la humanidad: los pueblos antiguos del mundo y su devenir.,Recupera las explicaciones de Charles Darwin acerca del origen y evolución de la biodiversidad y particulariza en el caso del ser humano.
"Ética, Naturaleza y Sociedades",Historia,3º,Los albores de la humanidad: los pueblos antiguos del mundo y su devenir.,Investiga acerca de restos fósiles de homínidos encontrados en todo el mundo y organiza la información.
"Ética, Naturaleza y Sociedades",Historia,3º,Los albores de la humanidad: los pueblos antiguos del mundo y su devenir.,Explica cómo se construye la representación de la prehistoria a través de la manufactura de artefactos o estructuras.
"Ética, Naturaleza y Sociedades",Historia,3º,Los albores de la humanidad: los pueblos antiguos del mundo y su devenir.,Conoce sistemas que tienen como propósito abordar la historia de los primeros pueblos en el territorio de lo que ahora es nuestro país.
"Ética, Naturaleza y Sociedades",Historia,3º,Los albores de la humanidad: los pueblos antiguos del mundo y su devenir.,"Emplea alguno de estos sistemas para ubicar en el espacio y en el tiempo aspectos de la vida cotidiana de los pueblos antiguos que surgieron en Mesoamérica, Aridoamérica y Oasisamérica."
"Ética, Naturaleza y Sociedades",Historia,3º,Los albores de la humanidad: los pueblos antiguos del mundo y su devenir.,"Vincula y compara sus representaciones e ideas sobre el nacimiento, la vida o la muerte con las que construyeron los antiguos pueblos de México."
"Ética, Naturaleza y Sociedades",Historia,3º,Los albores de la humanidad: los pueblos antiguos del mundo y su devenir.,Pone en juego su capacidad de convertirse en integrante de una cultura mesoamericana para exponer la razón y el sentido de los sacrificios rituales.
"Ética, Naturaleza y Sociedades",Historia,3º,Los albores de la humanidad: los pueblos antiguos del mundo y su devenir.,Desarrolla teóricamente el entramado de causas de diverso tipo que dieron lugar a la agricultura mesoamericana y el impacto civilizatorio de ésta en las sociedades que la practicaron.
"Ética, Naturaleza y Sociedades",Historia,3º,Los albores de la humanidad: los pueblos antiguos del mundo y su devenir.,Reconoce el significado en su vida de la práctica histórica del cultivo del maíz como una consecuencia de larga duración.
"Ética, Naturaleza y Sociedades",Historia,3º,Los albores de la humanidad: los pueblos antiguos del mundo y su devenir.,"Reconstruye aspectos de la vida cotidiana en los ámbitos de la economía, la cultura, la sociedad y la política de los pueblos de Mesoamérica."
"Ética, Naturaleza y Sociedades",Historia,3º,Los albores de la humanidad: los pueblos antiguos del mundo y su devenir.,Recopila información histórica sobre los pueblos aridoamericanos y oasisamericanos y la organiza en un friso cronológico.
"Ética, Naturaleza y Sociedades",Historia,3º,Los albores de la humanidad: los pueblos antiguos del mundo y su devenir.,Compara el desarrollo histórico de pueblos originarios de Norteamérica y Sudamérica y comprende sus semejanzas y diferencias.
"Ética, Naturaleza y Sociedades",Historia,3º,Los albores de la humanidad: los pueblos antiguos del mundo y su devenir.,"Aplica el eje organizador uso y gestión del agua y su impacto para analizar el desarrollo histórico de las antiguas civilizaciones mesopotámica, egipcia, hindú y china."
"Ética, Naturaleza y Sociedades",Historia,3º,Los albores de la humanidad: los pueblos antiguos del mundo y su devenir.,"Indaga a partir de la noción de espacio ecúmene aplicada a los antiguos pueblos fenicio, egipcio, cretense, cartaginés, griego y romano en la cuenca del mar mediterráneo, como una forma temprana de integración de la economía, la sociedad, la cultura y la política."
"Ética, Naturaleza y Sociedades",Historia,3º,Los albores de la humanidad: los pueblos antiguos del mundo y su devenir.,Analiza el proceso de integración de los antiguos pueblos de la Cuenca del Mar Mediterráneo para explicarse las tensiones y conflictos entre persas y griegos.
"Ética, Naturaleza y Sociedades",Historia,3º,Los albores de la humanidad: los pueblos antiguos del mundo y su devenir.,"Genera hipótesis e interpretaciones propias sobre el esplendor de la Cultura Romana mediante el análisis de los conceptos: trabajo esclavo, ocupación militar de territorios y organización política."
"Ética, Naturaleza y Sociedades",Historia,3º,Los albores de la humanidad: los pueblos antiguos del mundo y su devenir.,Problematiza la relación germánicos-romanos y la desintegración del Imperio Romano de Occidente.
"Ética, Naturaleza y Sociedades",Historia,3º,Los albores de la humanidad: los pueblos antiguos del mundo y su devenir.,"Establece relaciones de cambio, continuidad y/o ruptura en el surgimiento de los estados feudales y su generalización en Europa."
"Ética, Naturaleza y Sociedades",Historia,3º,Los albores de la humanidad: los pueblos antiguos del mundo y su devenir.,"Estructura a partir del espacio y el tiempo en que se desarrolló, formas para organizar y dar cuenta del desarrollo histórico de las sociedades feudales."
"Ética, Naturaleza y Sociedades",Historia,3º,Los albores de la humanidad: los pueblos antiguos del mundo y su devenir.,"Problematiza acerca de las causas, los fundamentos y el impacto del Imperio Musulmán en el mundo."
"Ética, Naturaleza y Sociedades",Historia,1º,La conformación de las metrópolis y los sistemas de dominación.,"Formula preguntas, recopila información y comparte sus hallazgos en torno a los pueblos originarios de México: ¿Cuántos pueblos son? ¿Dónde están? ¿De dónde llegaron? ¿Cómo vivían antes? ¿Cómo viven ahora? ¿Qué permanece? ¿Qué cambió? ¿Se reconoce en él?"
"Ética, Naturaleza y Sociedades",Historia,1º,La conformación de las metrópolis y los sistemas de dominación.,Construye una línea del tiempo con la historia de algún pueblo originario que le sea entrañable.
"Ética, Naturaleza y Sociedades",Historia,1º,La conformación de las metrópolis y los sistemas de dominación.,"Indaga los orígenes de la población afromexicana, sus aportaciones sociales y a la cultura de nuestro país."
"Ética, Naturaleza y Sociedades",Historia,1º,La conformación de las metrópolis y los sistemas de dominación.,"Identifica representaciones asumidas de los pueblos indígenas y afromexicanos sobre el nacimiento, la vida, la muerte, la tierra, la naturaleza, el agua, el territorio en su comunidad."
"Ética, Naturaleza y Sociedades",Historia,1º,La conformación de las metrópolis y los sistemas de dominación.,Investiga el arribo de otros pueblos del mundo a nuestro país a largo de la historia y lo expone a sus pares en la organización cronológica que considere más adecuada.
"Ética, Naturaleza y Sociedades",Historia,2º,La conformación de las metrópolis y los sistemas de dominación.,Indaga acerca del desarrollo del comercio y su impacto en la geografía y la navegación en Europa y Asia en el Siglo XV.
"Ética, Naturaleza y Sociedades",Historia,2º,La conformación de las metrópolis y los sistemas de dominación.,Explica la consolidación del Reino Español alrededor de Isabel I de Castilla y Fernando II de Aragón como personajes históricos en este proceso.
"Ética, Naturaleza y Sociedades",Historia,2º,La conformación de las metrópolis y los sistemas de dominación.,Busca información acerca de la expedición de 1492 de Cristóbal Colón y el descubrimiento de América.
"Ética, Naturaleza y Sociedades",Historia,2º,La conformación de las metrópolis y los sistemas de dominación.,"Revisa desde una perspectiva fundada en valores universales, como la libertad, la justicia, el respeto y la tolerancia, el contenido de las Bulas Alejandrinas y el Tratado de Tordesillas."
"Ética, Naturaleza y Sociedades",Historia,2º,La conformación de las metrópolis y los sistemas de dominación.,Registra y extrae conclusiones con respecto al arribo de los españoles al nuevo mundo y la colonización de las Antillas.
"Ética, Naturaleza y Sociedades",Historia,2º,La conformación de las metrópolis y los sistemas de dominación.,"Indaga acerca de las tensiones y alianzas políticas entre los señoríos mesoamericanos, previo al arribo de los colonizadores españoles al territorio de lo que hoy es nuestro país."
"Ética, Naturaleza y Sociedades",Historia,2º,La conformación de las metrópolis y los sistemas de dominación.,Revisa y contextualiza las campañas militares que Hernán Cortés llevó a cabo para someter a la población indígena.
"Ética, Naturaleza y Sociedades",Historia,2º,La conformación de las metrópolis y los sistemas de dominación.,"Problematiza sobre los factores políticos, económicos, culturales, tecnológicos, militares y religiosos que predominaban en los pueblos indígenas en el momento de su enfrentamiento con los españoles."
"Ética, Naturaleza y Sociedades",Historia,2º,La conformación de las metrópolis y los sistemas de dominación.,Elabora teorías de posibles desenlaces a partir de una articulación diferente de los factores que se conjugaron en este evento histórico.
"Ética, Naturaleza y Sociedades",Historia,2º,La conformación de las metrópolis y los sistemas de dominación.,"Ubica a la Conquista como un momento de ruptura en la historia de nuestro país, que generó cambios en la sociedad y en la vida cotidiana de las personas."
"Ética, Naturaleza y Sociedades",Historia,2º,La conformación de las metrópolis y los sistemas de dominación.,Describe las formas de exacción a las que fueron sometidos la población y los territorios indígenas con el establecimiento del Virreinato de la Nueva España.
"Ética, Naturaleza y Sociedades",Historia,2º,La conformación de las metrópolis y los sistemas de dominación.,Identifica elementos de las culturas indígenas que persistieron en la época colonial dentro del proceso de cohesión política de nuestro país.
"Ética, Naturaleza y Sociedades",Historia,2º,La conformación de las metrópolis y los sistemas de dominación.,Problematiza el interés de la corona española en el desarrollo e intensificación de la minería en la Nueva España.
"Ética, Naturaleza y Sociedades",Historia,2º,La conformación de las metrópolis y los sistemas de dominación.,"Distingue las características de la forma de gobierno, la economía, la cultura y la sociedad en la Nueva España."
"Ética, Naturaleza y Sociedades",Historia,2º,La conformación de las metrópolis y los sistemas de dominación.,Reflexiona y emite su opinión acerca del uso del trabajo esclavo de personas africanas y afrodescendientes en la Nueva España.
"Ética, Naturaleza y Sociedades",Historia,2º,La conformación de las metrópolis y los sistemas de dominación.,Reflexiona sobre las implicaciones sociales del sistema de castas que se estableció en la sociedad novohispana.
"Ética, Naturaleza y Sociedades",Historia,3º,La conformación de las metrópolis y los sistemas de dominación.,Indaga sobre el desarrollo de las ciudades en Italia y Flandes durante los siglos XII y XIII.
"Ética, Naturaleza y Sociedades",Historia,3º,La conformación de las metrópolis y los sistemas de dominación.,"Asocia la transmutación del sistema feudal con el desarrollo del Humanismo, en el marco del surgimiento de los estados nacionales y las monarquías absolutas."
"Ética, Naturaleza y Sociedades",Historia,3º,La conformación de las metrópolis y los sistemas de dominación.,Reflexiona acerca de las causas que ocasionaron la búsqueda de rutas comerciales marítimas y su propagación y generalización durante los siglos XV y XVI.
"Ética, Naturaleza y Sociedades",Historia,3º,La conformación de las metrópolis y los sistemas de dominación.,"Analiza la disputa entre los países hegemónicos por la posesión de territorios en América, África y Asia."
"Ética, Naturaleza y Sociedades",Historia,3º,La conformación de las metrópolis y los sistemas de dominación.,"Caracteriza las colonizaciones realizadas por españoles, portugueses, ingleses, franceses y holandeses en América y en Asia."
"Ética, Naturaleza y Sociedades",Historia,3º,La conformación de las metrópolis y los sistemas de dominación.,Relaciona la expoliación de los recursos humanos y naturales de los territorios colonizados en América con la práctica de una política económica institucional de las naciones colonizadoras.
"Ética, Naturaleza y Sociedades",Historia,3º,La conformación de las metrópolis y los sistemas de dominación.,Revisa las causas y obtiene conclusiones de la concentración de la actividad colonizadora de diferentes potencias ultramarinas como en la Cuenca del Mar Caribe y el Sudeste Asiático.
"Ética, Naturaleza y Sociedades",Historia,3º,La conformación de las metrópolis y los sistemas de dominación.,Obtiene información y formula conclusiones acerca del tráfico de pieles y su incremento durante la colonización del noreste de Norteamérica.
"Ética, Naturaleza y Sociedades",Historia,3º,La conformación de las metrópolis y los sistemas de dominación.,Analiza las causas que llevaron a la intensificación del tráfico de esclavos y al uso del trabajo de éstos en los territorios colonizados de América.
"Ética, Naturaleza y Sociedades",Historia,3º,La conformación de las metrópolis y los sistemas de dominación.,Investiga los lugares de origen y de destino de la población africana reducida a la esclavitud en este periodo.
"Ética, Naturaleza y Sociedades",Historia,3º,La conformación de las metrópolis y los sistemas de dominación.,Problematiza la vida cotidiana de la población africana reducida a la esclavitud en América.
"Ética, Naturaleza y Sociedades",Historia,3º,La conformación de las metrópolis y los sistemas de dominación.,Caracteriza el establecimiento de las colonias inglesas en América.
"Ética, Naturaleza y Sociedades",Historia,3º,La conformación de las metrópolis y los sistemas de dominación.,Reflexiona y emite opiniones acerca de las relaciones de todo tipo que los colonos ingleses establecieron con la población indígena.
"Ética, Naturaleza y Sociedades",Historia,3º,La conformación de las metrópolis y los sistemas de dominación.,Compara y obtiene conclusiones acerca de la composición social que se conformó en las colonias inglesas en el Continente Americano.
"Ética, Naturaleza y Sociedades",Historia,1º,Las gestas de resistencia y los movimientos independentistas.,Indaga sobre rebeliones y levantamientos de pueblos indígenas y afromexicanos en la historia de nuestro país y se acerca a comprender sus causas.
"Ética, Naturaleza y Sociedades",Historia,1º,Las gestas de resistencia y los movimientos independentistas.,Emmiten juicios acerca de agravios o crímenes a los que han sido sujetos los pueblos indígenas y afromexicanos.
"Ética, Naturaleza y Sociedades",Historia,2º,Las gestas de resistencia y los movimientos independentistas.,Relaciona la Revolución de Independencia de 1810 en nuestro país con el agotamiento del imperio español para mantener la cohesión de sus colonias ultramarinas.
"Ética, Naturaleza y Sociedades",Historia,2º,Las gestas de resistencia y los movimientos independentistas.,"Comprende la confluencia de procesos (por ejemplo, las reformas borbónicas) y hechos (como la invasión napoleónica en España) en la configuración de la lucha por la Independencia de la Nueva España."
"Ética, Naturaleza y Sociedades",Historia,2º,Las gestas de resistencia y los movimientos independentistas.,Aplica conceptos organizadores para dar cuenta de las etapas en que se desarrolló la lucha por la Independencia de la Nueva España.
"Ética, Naturaleza y Sociedades",Historia,2º,Las gestas de resistencia y los movimientos independentistas.,Identifica los cambios de ritmo y de dirección en las diferentes etapas de la lucha por la Independencia de la Nueva España y teoriza al respecto.
"Ética, Naturaleza y Sociedades",Historia,2º,Las gestas de resistencia y los movimientos independentistas.,Reconoce la impronta que la participación popular o la ausencia de ésta le dio a la lucha por la Independencia.
"Ética, Naturaleza y Sociedades",Historia,2º,Las gestas de resistencia y los movimientos independentistas.,Caracteriza la consumación de la Independencia y el surgimiento del Primer Imperio.
"Ética, Naturaleza y Sociedades",Historia,2º,Las gestas de resistencia y los movimientos independentistas.,Comprende el acontecimiento de la Revolución de Independencia como parte de un proceso de la formación de un Estado nacional.
"Ética, Naturaleza y Sociedades",Historia,2º,Las gestas de resistencia y los movimientos independentistas.,Analiza las tensiones entre federalistas y centralistas con el advenimiento de la República durante la primera mitad del siglo XIX.
"Ética, Naturaleza y Sociedades",Historia,2º,Las gestas de resistencia y los movimientos independentistas.,"Explica la debilidad estructural de la joven República mexicana para enfrentar el asedio de los Estados Unidos y Francia: Independencia de Texas, Primera Invasión Francesa e Invasión Estadounidense de 1846-1848."
"Ética, Naturaleza y Sociedades",Historia,3º,Las gestas de resistencia y los movimientos independentistas.,"Elabora una cronología de las luchas de independencia de los países de Latinoamérica; incorpora datos, fechas, nombres, lugares y personajes históricos; aspectos sincrónicos y diacrónicos, aspectos que permanecen o cambian y la duración"
"Ética, Naturaleza y Sociedades",Historia,2º,Las revoluciones modernas y sus tendencias.,Establece las características y el contexto en que se desarrolla la dictadura de Antonio López de Santa Anna y obtiene conclusiones.
"Ética, Naturaleza y Sociedades",Historia,2º,Las revoluciones modernas y sus tendencias.,Identifica causas y consecuencias de corta y larga duración de la Revolución de Ayutla de 1854.
"Ética, Naturaleza y Sociedades",Historia,2º,Las revoluciones modernas y sus tendencias.,Analiza las Leyes de Reforma expedidas entre 1859 y 1861; opina sobre ellas y estima su valor en la actualidad.
"Ética, Naturaleza y Sociedades",Historia,2º,Las revoluciones modernas y sus tendencias.,Problematiza la relación liberales-conservadores en este periodo de la historia de México.
"Ética, Naturaleza y Sociedades",Historia,2º,Las revoluciones modernas y sus tendencias.,Elabora una cronología con los acontecimientos más importantes que sucedieron durante la Guerra de Reforma; incorpora la información necesaria para su comprensión puntual.
"Ética, Naturaleza y Sociedades",Historia,2º,Las revoluciones modernas y sus tendencias.,Pone en juego su capacidad de convertirse en un liberal o en un conservador y se posiciona documentadamente.
"Ética, Naturaleza y Sociedades",Historia,2º,Las revoluciones modernas y sus tendencias.,"Demuestra la intervención interesada de gobiernos extranjeros en la vida interna de México en esta etapa de la historia (tratados McLane-Ocampo y Mon-Almonte, Alianza Tripartita y Convención de Londres)."
"Ética, Naturaleza y Sociedades",Historia,2º,Las revoluciones modernas y sus tendencias.,Comprende la relevancia histórica de la Segunda Invasión Francesa para nuestra vida actual.
"Ética, Naturaleza y Sociedades",Historia,2º,Las revoluciones modernas y sus tendencias.,Identifica desde su imaginario la relevancia histórica de la Batalla del 5 de mayo de 1862.
"Ética, Naturaleza y Sociedades",Historia,2º,Las revoluciones modernas y sus tendencias.,Elabora una cronología con los acontecimientos más importantes que sucedieron durante la restauración de la República y Porfiriato; incorpora la información necesaria para su comprensión puntual; e identifica cambios y permanencias en ambos procesos y los puntos de inflexión.
"Ética, Naturaleza y Sociedades",Historia,2º,Las revoluciones modernas y sus tendencias.,Genera interpretaciones del Porfiriato a partir de comparar el desarrollo económico y el desarrollo social generados durante este periodo histórico.
"Ética, Naturaleza y Sociedades",Historia,2º,Las revoluciones modernas y sus tendencias.,"Elabora hipótesis que explican el trato que Porfirio Díaz dio a la oposición política, a la prensa, al movimiento campesino y obrero y a los pueblos indígenas."
"Ética, Naturaleza y Sociedades",Historia,3º,Las revoluciones modernas y sus tendencias.,Ubica la confluencia de causas para que la primera Revolución Industrial suceda en Inglaterra y se desarrolle el sistema capitalista.
"Ética, Naturaleza y Sociedades",Historia,3º,Las revoluciones modernas y sus tendencias.,Explica la relevancia histórica de la Revolución Industrial en nuestras vidas.
"Ética, Naturaleza y Sociedades",Historia,3º,Las revoluciones modernas y sus tendencias.,Analiza y comprende por separado la causalidad y el sentido de la Independencia de los Estados Unidos y de la Revolución Francesa y el impacto que tuvieron en su momento en el mundo; identifica los elementos en común y los que marcan diferencias; construye una narrativa de estos procesos.
"Ética, Naturaleza y Sociedades",Historia,3º,Las revoluciones modernas y sus tendencias.,"Problematiza la irrupción de estas revoluciones con el uso de conceptos como cambios, permanencias, ruptura, viejo régimen, soberanía popular, esclavitud, igualdad, propiedad privada."
"Ética, Naturaleza y Sociedades",Historia,3º,Las revoluciones modernas y sus tendencias.,Relaciona los que a su juicio son aportes relevantes de estas revoluciones.
"Ética, Naturaleza y Sociedades",Historia,3º,Las revoluciones modernas y sus tendencias.,Analiza la Declaración de los Derechos del Hombre y del Ciudadano y genera hipótesis acerca de la ausencia explícita de las mujeres en el texto.
"Ética, Naturaleza y Sociedades",Historia,3º,Las revoluciones modernas y sus tendencias.,Analiza la consolidación de Francia como nación moderna y capitalista y relaciona el aporte a este proceso de las campañas militares que llevó a cabo Napoleón Bonaparte.
"Ética, Naturaleza y Sociedades",Historia,3º,Las revoluciones modernas y sus tendencias.,"Explica cómo en el proceso de ascenso y consolidación del sistema capitalista y de la burguesía como clase dominante hubo segmentos sociales con una perspectiva diferente: socialistas utópicos, comunistas y anarquistas."
"Ética, Naturaleza y Sociedades",Historia,3º,Las revoluciones modernas y sus tendencias.,Analiza el proceso de expansión territorial de los Estados Unidos y los modelos de desarrollo económico de los estados del norte y del sur.
"Ética, Naturaleza y Sociedades",Historia,3º,Las revoluciones modernas y sus tendencias.,Identifica desde qué perspectiva estaba planteada la abolición de la esclavitud impulsada por los estados del norte.
"Ética, Naturaleza y Sociedades",Historia,3º,Las revoluciones modernas y sus tendencias.,Analiza los resultados de la Guerra Civil Estadounidense y determina la perspectiva histórica de esta nación.
"Ética, Naturaleza y Sociedades",Historia,3º,Las revoluciones modernas y sus tendencias.,Reflexiona qué tanto se modificaron las condiciones de vida de la población de origen africano en los Estados Unidos de América.
"Ética, Naturaleza y Sociedades",Historia,3º,Las revoluciones modernas y sus tendencias.,Relaciona la creciente industrialización de los países capitalistas y la colonización de África en la segunda mitad del siglo XIX.
"Ética, Naturaleza y Sociedades",Historia,3º,Las revoluciones modernas y sus tendencias.,Analiza y comprende la causalidad de los procesos de integración nacional de Italia y Alemania y comprende cómo estos se convierten en causas de hechos más complejos.
"Ética, Naturaleza y Sociedades",Historia,3º,Las revoluciones modernas y sus tendencias.,Reconoce en el establecimiento de la Comuna de París en 1871 la expresión de una forma de gobierno alternativo al de la burguesía.
"Ética, Naturaleza y Sociedades",Historia,2º,Las tensiones en el siglo XX.,Analiza y comprende la causalidad de la Revolución Mexicana de 1910; identifica la heterogeneidad en su composición y demandas.
"Ética, Naturaleza y Sociedades",Historia,2º,Las tensiones en el siglo XX.,Pondera las demandas sociales que la orientaron y la participación de los diferentes grupos sociales en su conducción en diferentes momentos.
"Ética, Naturaleza y Sociedades",Historia,2º,Las tensiones en el siglo XX.,Diseña periodos espaciotemporales y los organiza cronológicamente para dar cuenta del proceso revolucionario.
"Ética, Naturaleza y Sociedades",Historia,2º,Las tensiones en el siglo XX.,Construye narrativas de los personajes históricos y los reconoce como expresión identitaria de grupos sociales en particular.
"Ética, Naturaleza y Sociedades",Historia,2º,Las tensiones en el siglo XX.,Analiza y caracteriza el suceso conocido como la Decena Trágica.
"Ética, Naturaleza y Sociedades",Historia,2º,Las tensiones en el siglo XX.,Argumenta desde el presente la relevancia que tiene para su vida la Revolución Mexicana y sus aportes.
"Ética, Naturaleza y Sociedades",Historia,2º,Las tensiones en el siglo XX.,Recaba información de los eventos relevantes de los gobiernos postrevolucionarios y caracteriza el periodo conocido como Maximato.
"Ética, Naturaleza y Sociedades",Historia,2º,Las tensiones en el siglo XX.,"Analiza las causas, el origen, el lugar y el tiempo de la rebelión cristera."
"Ética, Naturaleza y Sociedades",Historia,2º,Las tensiones en el siglo XX.,"Reúne información acerca de las principales políticas de gobierno de Lázaro Cárdenas (reforma agraria, intervención del Estado en la economía, nacionalización de industrias, educación socialista, apoyos a campesinos y reorganización del movimiento obrero) y la utiliza para estructurar una narrativa."
"Ética, Naturaleza y Sociedades",Historia,2º,Las tensiones en el siglo XX.,"Vincula desde el tiempo cronológico las acciones concretas del gobierno cardenista (por ejemplo, la Expropiación Petrolera) y las relaciona con eventos pasados o simultáneos acerca del mismo tópico (por ejemplo, la expedición de la Ley del Petróleo del 24 de diciembre de 1901, que reconoce que los dueños de los predios pueden explotar hidrocarburos sin necesidad de concesión alguna) para dimensionar la cualidad del tiempo histórico."
"Ética, Naturaleza y Sociedades",Historia,2º,Las tensiones en el siglo XX.,"Ubica en el gobierno de Manuel Ávila Camacho el origen y las circunstancias de la política de unidad nacional, las contextualiza internacionalmente y reconoce en esta política un elemento para la institucionalización y legitimación del Estado mexicano durante el siglo XX."
"Ética, Naturaleza y Sociedades",Historia,2º,Las tensiones en el siglo XX.,Reúne información acerca de las prioridades que impulsó el gobierno de Miguel Alemán Valdés y la contrasta con las representaciones sociales contenidas en la obra fílmica de Alejandro Galindo.
"Ética, Naturaleza y Sociedades",Historia,2º,Las tensiones en el siglo XX.,"Explica las características, las prioridades y los sucesos importantes de los gobiernos de la época del desarrollo estabilizador."
"Ética, Naturaleza y Sociedades",Historia,2º,Las tensiones en el siglo XX.,Dimensiona el tiempo histórico (vincula hechos pasados o simultáneos con los que tiene relación) del derecho de las mujeres a votar y ser votadas en las elecciones de 1955.
"Ética, Naturaleza y Sociedades",Historia,2º,Las tensiones en el siglo XX.,"Reconoce los costos sociales del Milagro Mexicano y el carácter autoritario y represor con el que actuó el Estado mexicano ante las demandas del movimiento magisterial (1958), la huelga ferrocarrilera (1959) y el movimiento médico (1964-1965)."
"Ética, Naturaleza y Sociedades",Historia,2º,Las tensiones en el siglo XX.,Indaga acerca de la influencia de la Revolución Cubana en México y evidencia su impacto.
"Ética, Naturaleza y Sociedades",Historia,2º,Las tensiones en el siglo XX.,"Recupera información de crónicas y narrativas de participantes del movimiento estudiantil de 1968, la analiza y construye hipótesis propias sobre sus causas y consecuencias."
"Ética, Naturaleza y Sociedades",Historia,2º,Las tensiones en el siglo XX.,"Reflexiona a partir de su condición de estudiante, acerca de la perspectiva histórica de las y los jóvenes que participaron en este movimiento."
"Ética, Naturaleza y Sociedades",Historia,2º,Las tensiones en el siglo XX.,Emite juicios acerca del trato y la respuesta que el gobierno de Gustavo Díaz Ordaz dio al movimiento estudiantil de 1968.
"Ética, Naturaleza y Sociedades",Historia,2º,Las tensiones en el siglo XX.,Analiza y caracteriza las políticas de los gobiernos del periodo de las crisis económicas de 1970 a 1982; ubica cambios y permanencias con relación a los gobiernos anteriores.
"Ética, Naturaleza y Sociedades",Historia,2º,Las tensiones en el siglo XX.,"Identifica cambios que incorporaron los gobiernos neoliberales entre 1982 y 2000 en la política, la economía y la sociedad, con respecto a las políticas de los gobiernos del Nacionalismo Revolucionario."
"Ética, Naturaleza y Sociedades",Historia,2º,Las tensiones en el siglo XX.,Explica las causas y el contexto en que se instauró el neoliberalismo en México.
"Ética, Naturaleza y Sociedades",Historia,2º,Las tensiones en el siglo XX.,Describe cómo el neoliberalismo implica progreso para algunos segmentos sociales y retroceso para otros; asume una posición desde sus condiciones de vida.
"Ética, Naturaleza y Sociedades",Historia,2º,Las tensiones en el siglo XX.,Reconoce cómo se gestan formas de organización alternativa en un escenario dominado por políticas neoliberales: la respuesta solidaria de la gente después del sismo de 1985 y la articulación del movimiento urbano popular; la movilización popular después del proceso electoral de 1988 y el movimiento magisterial de 1989.
"Ética, Naturaleza y Sociedades",Historia,2º,Las tensiones en el siglo XX.,Revisa la evolución de la política del Estado mexicano hacia los pueblos indígenas desde el exterminio y el despojo (siglo XIX) hasta la integración y la cultura dominante del mestizaje (siglo XX).
"Ética, Naturaleza y Sociedades",Historia,2º,Las tensiones en el siglo XX.,"Resignifica, visibiliza y reconoce la presencia de los pueblos indígenas y asume prácticas de convivencia inclusivas e igualitarias."
"Ética, Naturaleza y Sociedades",Historia,2º,Las tensiones en el siglo XX.,"Comprende la noción de territorio y naturaleza que poseen los pueblos indígenas, así como sus demandas por la autonomía, el autogobierno y la democracia."
"Ética, Naturaleza y Sociedades",Historia,2º,Las tensiones en el siglo XX.,Analiza y comprende las causas del levantamiento zapatista de 1994 en Chiapas y sus repercusiones en los ámbitos nacional e internacional.
"Ética, Naturaleza y Sociedades",Historia,3º,Las tensiones en el siglo XX.,Analiza y comprende las causas y consecuencias de la Segunda Revolución Industrial y su aporte a la consolidación del capitalismo como sistema económico mundial.
"Ética, Naturaleza y Sociedades",Historia,3º,Las tensiones en el siglo XX.,Explica las causas de la Primera Guerra Mundial y las vincula históricamente con hechos o procesos pasados o que suceden simultáneamente con los que están relacionados.
"Ética, Naturaleza y Sociedades",Historia,3º,Las tensiones en el siglo XX.,Amplía el alcance de este tiempo histórico al vincular las causas con hechos o sucesos posteriores con los que tengan relación.
"Ética, Naturaleza y Sociedades",Historia,3º,Las tensiones en el siglo XX.,Elabora una cronología de los eventos que abarca la Primera Guerra Mundial y la utiliza de base para entramar los hechos contenidos con las consecuencias de este conflicto bélico.
"Ética, Naturaleza y Sociedades",Historia,3º,Las tensiones en el siglo XX.,Compara la situación en que se colocaron los países participantes al final de la guerra.
"Ética, Naturaleza y Sociedades",Historia,3º,Las tensiones en el siglo XX.,Aborda la Revolución Rusa de 1917 como un punto de ruptura en la historia de esta nación y del mundo.
"Ética, Naturaleza y Sociedades",Historia,3º,Las tensiones en el siglo XX.,Genera hipótesis acerca del surgimiento de la Unión Soviética como contrapeso del sistema capitalista.
"Ética, Naturaleza y Sociedades",Historia,3º,Las tensiones en el siglo XX.,Explica la lógica en la que se desarrolla la crisis de 1929 y describe sus efectos.
"Ética, Naturaleza y Sociedades",Historia,3º,Las tensiones en el siglo XX.,"Problematiza acerca del surgimiento del fascismo y las características que adquirió en Alemania, Italia y España."
"Ética, Naturaleza y Sociedades",Historia,3º,Las tensiones en el siglo XX.,Recaba información y genera hipótesis acerca de la Guerra Civil Española.
"Ética, Naturaleza y Sociedades",Historia,3º,Las tensiones en el siglo XX.,Valora la actitud del gobierno de Lázaro Cárdenas al recibir al exilio español y el impacto de este en la sociedad mexicana.
"Ética, Naturaleza y Sociedades",Historia,3º,Las tensiones en el siglo XX.,Explica las causas de la Segunda Guerra Mundial y las vincula históricamente con causas o consecuencias de la Primera Guerra Mundial.
"Ética, Naturaleza y Sociedades",Historia,3º,Las tensiones en el siglo XX.,Diseña un organizador cronológico de los eventos que abarca la Segunda Guerra Mundial y lo utiliza para dar cuenta del desarrollo del conflicto.
"Ética, Naturaleza y Sociedades",Historia,3º,Las tensiones en el siglo XX.,Establece similitudes y diferencias entre las consecuencias de la Primera y la Segunda Guerra Mundial.
"Ética, Naturaleza y Sociedades",Historia,3º,Las tensiones en el siglo XX.,Indaga las causas de la incorporación de México en el conflicto y la forma en que lo hizo.
"Ética, Naturaleza y Sociedades",Historia,3º,Las tensiones en el siglo XX.,"Genera hipótesis acerca del periodo histórico conocido como posguerra; usa conceptos como mundo bipolar, conformación de bloques, Guerra Fría, sistemas de alianzas y conflictos regionales."
"Ética, Naturaleza y Sociedades",Historia,3º,Las tensiones en el siglo XX.,Analiza el proceso en que los comunistas chinos toman el poder en este país y su inserción en el ámbito internacional.
"Ética, Naturaleza y Sociedades",Historia,3º,Las tensiones en el siglo XX.,Indaga acerca de la descolonización de África y advierte cómo se insertan en este proceso las tensiones de la posguerra.
"Ética, Naturaleza y Sociedades",Historia,3º,Las tensiones en el siglo XX.,Analiza las causas y el sentido de la carrera armamentista nuclear desatada después de la Segunda Guerra Mundial y advierte sus implicaciones en el presente.
"Ética, Naturaleza y Sociedades",Historia,3º,Las tensiones en el siglo XX.,"Indaga causas, desarrollo y desenlace de la guerra de Corea y establece su vinculación con la Guerra Fría."
"Ética, Naturaleza y Sociedades",Historia,3º,Las tensiones en el siglo XX.,"Indaga causas, desarrollo y desenlace de la guerra de Vietnam; reflexiona y obtiene conclusiones respecto de la intervención de Francia y Estados Unidos en este conflicto."
"Ética, Naturaleza y Sociedades",Historia,3º,Las tensiones en el siglo XX.,Genera hipótesis e interpretaciones de la postura estadounidense acerca de la Revolución Cubana y las razones para mantener un bloqueo económico sobre la isla desde 1962.
"Ética, Naturaleza y Sociedades",Historia,3º,Las tensiones en el siglo XX.,Elabora un organizador cronológico de la carrera espacial e inserta este proceso en el contexto del mundo bipolar.
"Ética, Naturaleza y Sociedades",Historia,3º,Las tensiones en el siglo XX.,Analiza y comprende las causas de la desintegración del bloque socialista; interpreta el simbolismo de la caída del muro de Berlín.
"Ética, Naturaleza y Sociedades",Historia,3º,Las tensiones en el siglo XX.,"Ubica causas, desarrollo y desenlace de la guerra del Golfo Pérsico (1990 - 1991) y la contextualiza en un escenario unipolar."
"Ética, Naturaleza y Sociedades",Historia,3º,Las tensiones en el siglo XX.,Analiza la elección de Nelson Mandela como presidente de Sudáfrica el 10 de mayo de 1994.
"Ética, Naturaleza y Sociedades",Historia,3º,Las tensiones en el siglo XX.,Analiza y comprende las causas de la creación de la Unión Europea.
"Ética, Naturaleza y Sociedades",Historia,1º,La construcción histórica de las ideas sobre las juventudes e infancias.,Identifica las ideas y representaciones de las personas de acuerdo con su edad en diversos momentos históricos.
"Ética, Naturaleza y Sociedades",Historia,1º,La construcción histórica de las ideas sobre las juventudes e infancias.,"Comprende los cambios y permanencias en las características y tareas que las sociedades asignan a las personas, de acuerdo con su edad."
"Ética, Naturaleza y Sociedades",Historia,1º,La construcción histórica de las ideas sobre las juventudes e infancias.,"Explica, con base en fuentes, las actividades asignadas a las personas según su edad en sociedades y momentos históricos diversos."
"Ética, Naturaleza y Sociedades",Historia,1º,Las mujeres y sus historias.,Revisa fuentes históricas para identificar la participación de las mujeres en la sociedad en diversos momentos históricos.
"Ética, Naturaleza y Sociedades",Historia,1º,Las mujeres y sus historias.,"Indaga sobre el protagonismo social de las mujeres en diferentes procesos históricos, para reconocer la relevancia de su participación."
"Ética, Naturaleza y Sociedades",Historia,1º,Las mujeres y sus historias.,Contrasta fuentes históricas para identificar cambios y permanencias en la participación de las mujeres en diversos momentos históricos.
"Ética, Naturaleza y Sociedades",Historia,1º,Las mujeres y sus historias.,Analiza los testimonios producidos por las mujeres en distintos momentos históricos.
"Ética, Naturaleza y Sociedades",Historia,1º,Las mujeres y sus historias.,Argumenta las causas de los principales cambios históricos que ha tenido la participación social de las mujeres.
"Ética, Naturaleza y Sociedades",Historia,1º,Las mujeres y sus historias.,Argumenta cómo el “deber ser” de las mujeres ha cambiado a través del tiempo.
"Ética, Naturaleza y Sociedades",Historia,1º,Las luchas de las mujeres por sus derechos.,Identifica los orígenes históricos de movimientos y organizaciones de mujeres en la lucha por la igualdad y el reconocimiento de sus derechos.
"Ética, Naturaleza y Sociedades",Historia,1º,Las luchas de las mujeres por sus derechos.,Comprende los cambios y permanencias en las luchas de las mujeres por una vida igualitaria y libre de violencia.
"Ética, Naturaleza y Sociedades",Historia,1º,Las luchas de las mujeres por sus derechos.,Analiza las causas de los movimientos feministas y reconoce el marco normativo nacional e internacional que protege los derechos de las mujeres.
"Ética, Naturaleza y Sociedades",Historia,1º,Relaciones de poder y lucha por los derechos de grupos históricamente discriminados o subrepresentados,"Identifica las problemáticas de violencia hacia pueblos originarios, afrodescendientes, migrantes y comunidad LGBTTTIQ+ en distintos procesos históricos."
"Ética, Naturaleza y Sociedades",Historia,1º,Relaciones de poder y lucha por los derechos de grupos históricamente discriminados o subrepresentados,"Argumenta sobre los cambios y permanencias en la lucha por erradicar la violencia hacia pueblos originarios, afrodescendientes, migrantes y comunidad LGBTTTIQ+ en distintos procesos históricos."
"Ética, Naturaleza y Sociedades",Historia,1º,"Discriminación, racismo, sexismo y prejuicios como construcciones históricas.",Identifica las causas históricas del racismo y la xenofobia y las relaciona críticamente con sus consecuencias.
"Ética, Naturaleza y Sociedades",Historia,1º,"Discriminación, racismo, sexismo y prejuicios como construcciones históricas.",Analiza la relevancia histórica del racismo en la justificación de actos que atentaron contra la vida de personas o grupos.
"Ética, Naturaleza y Sociedades",Historia,1º,"Discriminación, racismo, sexismo y prejuicios como construcciones históricas.",Comprende las causas y consecuencias históricas del racismo y propone acciones en su vida cotidiana y en la de su comunidad escolar para combatirlo.
"Ética, Naturaleza y Sociedades",Historia,1º,"Movilidades humanas, migraciones y nuevos escenarios para la vida.",Comprende procesos históricos relevantes en los que grupos humanos se desplazaron por los territorios a lo largo del tiempo.
"Ética, Naturaleza y Sociedades",Historia,1º,"Movilidades humanas, migraciones y nuevos escenarios para la vida.",Explica procesos históricos relevantes en los que grupos humanos se desplazaron por territorios en periodos de tiempo de corta o larga duración.
"Ética, Naturaleza y Sociedades",Historia,1º,"Amor, amistad, familias y relaciones entre las personas en la historia.","Comprende que la forma en la que las personas piensan y actúan en relación con el amor, la amistad y las familias se construye en la sociedad y cambia históricamente."
"Ética, Naturaleza y Sociedades",Historia,1º,"Amor, amistad, familias y relaciones entre las personas en la historia.","Explica los cambios que las concepciones sobre el amor, la amistad y las familias han tenido a lo largo del tiempo y en diversos contextos sociales y geográficos."
"Ética, Naturaleza y Sociedades",Formación Cívica y Ética,1º,Grupos sociales y culturales en la conformación de las identidades juveniles.,"Valora la diversidad de grupos e identidades juveniles en la escuela y en la comunidad y fortalece el respeto a formas de ser, pensar y expresarse en el marco de los derechos humanos."
"Ética, Naturaleza y Sociedades",Formación Cívica y Ética,2º,Grupos sociales y culturales en la conformación de las identidades juveniles.,"Argumenta sobre el derecho a pertenecer a una cultura, grupo social, económico, ideológico, sexual o de género, entre otros, para exigir el respeto a las identidades juveniles."
"Ética, Naturaleza y Sociedades",Formación Cívica y Ética,3º,Grupos sociales y culturales en la conformación de las identidades juveniles.,"Promueve espacios de participación juvenil, presenciales o virtuales, para construir comunidades que promuevan la colaboración, el respeto y el ejercicio de los derechos de niñas, niños y adolescentes."
"Ética, Naturaleza y Sociedades",Formación Cívica y Ética,1º,Los derechos humanos en México y en el mundo como valores compartidos por las sociedades actuales.,"Propone acciones orientadas a fortalecer la igualdad de derechos, el bienestar colectivo y el respeto a la dignidad humana en poblaciones históricamente marginadas y vulneradas."
"Ética, Naturaleza y Sociedades",Formación Cívica y Ética,2º,Los derechos humanos en México y en el mundo como valores compartidos por las sociedades actuales.,Asume una postura crítica acerca de la vigencia de los derechos humanos como valores compartidos por distintas sociedades del mundo.
"Ética, Naturaleza y Sociedades",Formación Cívica y Ética,3º,Los derechos humanos en México y en el mundo como valores compartidos por las sociedades actuales.,"Debate acerca de la importancia de defender y exigir el respeto a los derechos humanos, como un reto de las sociedades actuales para vivir con dignidad, libertad, justicia e inclusión."
"Ética, Naturaleza y Sociedades",Formación Cívica y Ética,1º,Movimientos sociales y políticos por los derechos humanos en el mundo y en México.,"Explica la trascendencia de los movimientos sociales y políticos en México y América Latina, para garantizar el ejercicio de derechos económicos, políticos y sociales de las personas y sociedades."
"Ética, Naturaleza y Sociedades",Formación Cívica y Ética,2º,Movimientos sociales y políticos por los derechos humanos en el mundo y en México.,Asume una postura ética acerca de los movimientos sociales y políticos que originaron los derechos humanos en el mundo y su influencia en México.
"Ética, Naturaleza y Sociedades",Formación Cívica y Ética,3º,Movimientos sociales y políticos por los derechos humanos en el mundo y en México.,Asume una postura ética sobre los movimientos sociales y políticos en la actualidad y participa en acciones para promover y defender los derechos humanos.
"Ética, Naturaleza y Sociedades",Formación Cívica y Ética,1º,Consecuencias de la desigualdad en la calidad de vida de las personas y comunidades.,Analiza las causas que dan origen a las diferencias en la calidad de vida de la población en México y el mundo y las compara con su derecho a la igualdad sustantiva y a una vida digna.
"Ética, Naturaleza y Sociedades",Formación Cívica y Ética,2º,Consecuencias de la desigualdad en la calidad de vida de las personas y comunidades.,Explica las consecuencias de la desigualdad socioeconómica en la calidad de vida de la población y propone acciones que garanticen el derecho a una vida digna y justa.
"Ética, Naturaleza y Sociedades",Formación Cívica y Ética,3º,Consecuencias de la desigualdad en la calidad de vida de las personas y comunidades.,"Actúa éticamente para reducir las desigualdades, fomentando el respeto y la solidaridad en los pueblos más vulnerados en su comunidad, México y América Latina."
"Ética, Naturaleza y Sociedades",Formación Cívica y Ética,1º,"Normas, leyes, instituciones y organizaciones encargadas de proteger, defender y exigir la aplicación de los derechos humanos en la convivencia diaria.",Aprecia los beneficios de participar en la construcción y aplicación de normas y leyes para garantizar la convivencia y el ejercicio de los derechos humanos en la comunidad y el país.
"Ética, Naturaleza y Sociedades",Formación Cívica y Ética,2º,"Normas, leyes, instituciones y organizaciones encargadas de proteger, defender y exigir la aplicación de los derechos humanos en la convivencia diaria.","Participa en la creación y transformación de normas y leyes que aplican en distintos contextos, orientadas a favorecer la igualdad, la libertad, la justicia y los derechos humanos."
"Ética, Naturaleza y Sociedades",Formación Cívica y Ética,3º,"Normas, leyes, instituciones y organizaciones encargadas de proteger, defender y exigir la aplicación de los derechos humanos en la convivencia diaria.","Analiza la función de instituciones y organizaciones nacionales e internacionales, para demandar la aplicación de normas y leyes que defienden y exigen respeto a los derechos humanos."
"Ética, Naturaleza y Sociedades",Formación Cívica y Ética,1º,El conflicto en la convivencia humana desde la cultura de paz.,"Analiza distintos tipos de conflictos en sus espacios de convivencia, su estructura y formas de solucionarlos desde la cultura de paz como una oportunidad de crecimiento personal y social."
"Ética, Naturaleza y Sociedades",Formación Cívica y Ética,2º,El conflicto en la convivencia humana desde la cultura de paz.,"Propone distintas formas de resolver conflictos sociales y políticos ocurridos en México y América Latina, para generar estrategias de mediación desde la cultura de paz."
"Ética, Naturaleza y Sociedades",Formación Cívica y Ética,3º,El conflicto en la convivencia humana desde la cultura de paz.,Valora la resolución pacífica de conflictos sociales y políticos en México y el mundo y gestiona estrategias de participación y transformación social hacia una cultura de paz.
"Ética, Naturaleza y Sociedades",Formación Cívica y Ética,1º,La cultura de paz y la creación de ambientes que garanticen el respeto a la vida y la dignidad del ser humano.,"Comprende la influencia que tiene la cultura de paz en la convivencia escolar, familiar y comunitaria, para favorecer ambientes libres de discriminación y racismo."
"Ética, Naturaleza y Sociedades",Formación Cívica y Ética,2º,La cultura de paz y la creación de ambientes que garanticen el respeto a la vida y la dignidad del ser humano.,"Aplica la cultura de paz para tomar decisiones responsables en contextos presenciales y virtuales que promuevan el respeto a la dignidad, la diversidad, la inclusión y la interculturalidad."
"Ética, Naturaleza y Sociedades",Formación Cívica y Ética,3º,La cultura de paz y la creación de ambientes que garanticen el respeto a la vida y la dignidad del ser humano.,"Colabora con personas de la escuela, la comunidad, el país y el mundo, para rechazar y denunciar la violencia, así como fortalecer el tejido social mediante acciones orientadas hacia una cultura de paz."
"Ética, Naturaleza y Sociedades",Formación Cívica y Ética,1º,"Personas, grupos y organizaciones a favor de la cultura de paz.","Aprecia las acciones de personas, grupos u organizaciones en México a favor de la cultura de paz para promover ambientes libres de violencia."
"Ética, Naturaleza y Sociedades",Formación Cívica y Ética,2º,"Personas, grupos y organizaciones a favor de la cultura de paz.","Analiza las acciones de personas, grupos u organizaciones realizadas en México y América Latina para promover actitudes, valores y comportamientos basados en una cultura de paz."
"Ética, Naturaleza y Sociedades",Formación Cívica y Ética,3º,"Personas, grupos y organizaciones a favor de la cultura de paz.","Valora las acciones que personas, grupos u organizaciones han realizado en México y América Latina para resolver los conflictos territoriales, políticos y sociales de manera no violenta y a favor de la cultura de paz."
"Ética, Naturaleza y Sociedades",Formación Cívica y Ética,1º,Principios éticos como referentes para un desarrollo sustentable.,"Reflexiona éticamente acerca de la relación de las comunidades con su contexto socionatural para impulsar acciones que promuevan el desarrollo sustentable, así como actitudes de cuidado y respeto a otros seres vivos."
"Ética, Naturaleza y Sociedades",Formación Cívica y Ética,2º,Principios éticos como referentes para un desarrollo sustentable.,"Evalúa la contribución de la ética en las prácticas de producción, distribución y consumo de bienes y servicios, para generar alternativas de desarrollo sustentables."
"Ética, Naturaleza y Sociedades",Formación Cívica y Ética,3º,Principios éticos como referentes para un desarrollo sustentable.,"Implementa acciones de colaboración, reciprocidad, solidaridad y de participación igualitaria como valores para un desarrollo sustentable."
"Ética, Naturaleza y Sociedades",Formación Cívica y Ética,1º,"Igualdad sustantiva en el marco de la interculturalidad, la inclusión y la perspectiva de género.","Aprecia la interculturalidad y el respeto al derecho a la igualdad sustantiva para establecer relaciones incluyentes y respetuosas de la diversidad, rechazando la discriminación y el racismo."
"Ética, Naturaleza y Sociedades",Formación Cívica y Ética,2º,"Igualdad sustantiva en el marco de la interculturalidad, la inclusión y la perspectiva de género.","Elabora juicios éticos sobre problemas de injusticia y discriminación que afectan la igualdad sustantiva y realiza propuestas congruentes con el respeto a la inclusión, la interculturalidad y la perspectiva de género."
"Ética, Naturaleza y Sociedades",Formación Cívica y Ética,3º,"Igualdad sustantiva en el marco de la interculturalidad, la inclusión y la perspectiva de género.","Participa en acciones dirigidas a reducir brechas de desigualdad para promover y fortalecer la interculturalidad, la inclusión y la perspectiva de género."
"Ética, Naturaleza y Sociedades",Formación Cívica y Ética,1º,"Medidas de protección y mecanismos de denuncia en el rechazo a la violencia de género, sexual y la trata de personas.","Analiza situaciones de violencia escolar, de género, sexual y la trata de personas, con base en la perspectiva de género y demanda la aplicación de medidas de prevención y protección para garantizar el derecho a una vida libre de violencia."
"Ética, Naturaleza y Sociedades",Formación Cívica y Ética,2º,"Medidas de protección y mecanismos de denuncia en el rechazo a la violencia de género, sexual y la trata de personas.","Compara los tipos de violencia escolar, de género y la trata de personas e identifica medidas de protección y mecanismos de denuncia, así como acciones de organizaciones e instituciones que buscan garantizar el derecho a una vida libre de violencia."
"Ética, Naturaleza y Sociedades",Formación Cívica y Ética,3º,"Medidas de protección y mecanismos de denuncia en el rechazo a la violencia de género, sexual y la trata de personas.","Propone acciones de denuncia en contextos presenciales y en las redes sociales para garantizar el derecho a una vida libre de violencia de género, sexual y la trata de personas."
"Ética, Naturaleza y Sociedades",Formación Cívica y Ética,1º,Principios y valores de la cultura democrática como forma de gobierno y de vida.,"Aprecia en los principios y valores de la democracia una forma de vida y de gobierno, para tomar decisiones que fortalezcan la convivencia en los espacios donde participa."
"Ética, Naturaleza y Sociedades",Formación Cívica y Ética,2º,Principios y valores de la cultura democrática como forma de gobierno y de vida.,"Propone acciones para fortalecer en su entorno los rasgos del Estado de derecho democrático como el imperio de la ley, la división de poderes, los contrapesos de poder y el respeto a los derechos humanos."
"Ética, Naturaleza y Sociedades",Formación Cívica y Ética,3º,Principios y valores de la cultura democrática como forma de gobierno y de vida.,"Participa de manera activa, responsable e informada en la promoción, defensa y reivindicación de los principios y valores de la democracia."
"Ética, Naturaleza y Sociedades",Formación Cívica y Ética,1º,Proyectos como un recurso para atender problemáticas de la comunidad desde una ciudadanía democrática.,"Participa en actividades y proyectos en su entorno escolar y social, en donde aplica mecanismos de participación democrática y los rasgos de la ciudadanía responsable y crítica."
"Ética, Naturaleza y Sociedades",Formación Cívica y Ética,2º,Proyectos como un recurso para atender problemáticas de la comunidad desde una ciudadanía democrática.,"Elabora proyectos orientados a resolver necesidades y problemas relacionados con la violencia escolar y de género, aprovechando los recursos de la ciudadanía digital."
"Ética, Naturaleza y Sociedades",Formación Cívica y Ética,3º,Proyectos como un recurso para atender problemáticas de la comunidad desde una ciudadanía democrática.,"Colabora en proyectos con la comunidad para responder a necesidades colectivas en sus dimensiones política, civil y social, así como para transformar las condiciones que atentan contra los derechos humanos y la cultura democrática en diversos contextos."
"Ética, Naturaleza y Sociedades",Formación Cívica y Ética,1º,"Instituciones, organizaciones y mecanismos de representación democrática.","Aprecia la función de las instituciones y organizaciones sociales y políticas, así como de los mecanismos de participación y representación ciudadana, que fortalecen la vida democrática."
"Ética, Naturaleza y Sociedades",Formación Cívica y Ética,2º,"Instituciones, organizaciones y mecanismos de representación democrática.","Destaca la importancia de la participación ciudadana, organizaciones sociales y partidos políticos en México, para evaluar los alcances y límites del gobierno democrático."
"Ética, Naturaleza y Sociedades",Formación Cívica y Ética,3º,"Instituciones, organizaciones y mecanismos de representation democrática.",Valora los retos que enfrenta la democracia en México y el mundo para involucrarse en su fortalecimiento.
"Ética, Naturaleza y Sociedades",Formación Cívica y Ética,1º,Principios y valores de la cultura democrática como forma de gobierno y de vida.,"Aprecia en los principios y valores de la democracia una forma de vida y de gobierno, para tomar decisiones que fortalezcan la convivencia en los espacios donde participa."
"Ética, Naturaleza y Sociedades",Formación Cívica y Ética,2º,Principios y valores de la cultura democrática como forma de gobierno y de vida.,"Propone acciones para fortalecer en su entorno los rasgos del Estado de derecho democrático como el imperio de la ley, la división de poderes, los contrapesos de poder y el respeto a los derechos humanos."
"Ética, Naturaleza y Sociedades",Formación Cívica y Ética,3º,Principios y valores de la cultura democrática como forma de gobierno y de vida.,"Participa de manera activa, responsable e informada en la promoción, defensa y reivindicación de los principios y valores de la democracia."
"Ética, Naturaleza y Sociedades",Formación Cívica y Ética,1º,Proyectos como un recurso para atender problemáticas de la comunidad desde una ciudadanía democrática.,"Participa en actividades y proyectos en su entorno escolar y social, en donde aplica mecanismos de participación democrática y los rasgos de la ciudadanía responsable y crítica."
"Ética, Naturaleza y Sociedades",Formación Cívica y Ética,2º,Proyectos como un recurso para atender problemáticas de la comunidad desde una ciudadanía democrática.,"Elabora proyectos orientados a resolver necesidades y problemas relacionados con la violencia escolar y de género, aprovechando los recursos de la ciudadanía digital."
"Ética, Naturaleza y Sociedades",Formación Cívica y Ética,3º,Proyectos como un recurso para atender problemáticas de la comunidad desde una ciudadanía democrática.,"Colabora en proyectos con la comunidad para responder a necesidades colectivas en sus dimensiones política, civil y social, así como para transformar las condiciones que atentan contra los derechos humanos y la cultura democrática en diversos contextos."
"Ética, Naturaleza y Sociedades",Formación Cívica y Ética,1º,"Instituciones, organizaciones y mecanismos de representación democrática.","Aprecia la función de las instituciones y organizaciones sociales y políticas, así como de los mecanismos de participación y representación ciudadana, que fortalecen la vida democrática."
"Ética, Naturaleza y Sociedades",Formación Cívica y Ética,2º,"Instituciones, organizaciones y mecanismos de representación democrática.","Destaca la importancia de la participación ciudadana, organizaciones sociales y partidos políticos en México, para evaluar los alcances y límites del gobierno democrático."
"Ética, Naturaleza y Sociedades",Formación Cívica y Ética,3º,"Instituciones, organizaciones y mecanismos de representation democrática.",Valora los retos que enfrenta la democracia en México y el mundo para involucrarse en su fortalecimiento.
"Ética, Naturaleza y Sociedades",Formación Cívica y Ética,1º,"Defensa del derecho al acceso a la protección de datos personales, a la información, la transparencia y la rendición de cuentas en un gobierno democrático.","Destaca la importancia de que las servidoras y los servidores públicos y representantes populares desempeñen sus funciones con honestidad, transparencia y legalidad."
"Ética, Naturaleza y Sociedades",Formación Cívica y Ética,2º,"Defensa del derecho al acceso a la protección de datos personales, a la información, la transparencia y la rendición de cuentas en un gobierno democrático.",Aprecia la participación ciudadana para exigir a las autoridades que cumplan sus funciones y administren los recursos públicos para beneficio de la sociedad.
"Ética, Naturaleza y Sociedades",Formación Cívica y Ética,3º,"Defensa del derecho al acceso a la protección de datos personales, a la información, la transparencia y la rendición de cuentas en un gobierno democrático.","Analiza el actuar de partidos políticos, organizaciones, gobiernos y las servidoras y los servidores públicos, mediante el acceso a la información, transparencia y rendición de cuentas, para exigir una gestión que proteja los datos personales de la ciudadanía y fortalezca la cultura de la legalidad en México."
"Ética, Naturaleza y Sociedades",Formación Cívica y Ética,1º,El derecho a la salud y la prevención en el consumo de drogas.,"Reconoce que el consumo de drogas afecta el derecho a la dignidad y la salud de las personas, y demanda la aplicación de medidas que contribuyan a la prevención y protección."
"Ética, Naturaleza y Sociedades",Formación Cívica y Ética,2º,El derecho a la salud y la prevención en el consumo de drogas.,"Promueve valores y habilidades para desarrollar la autoestima, la autorregulación, el autocuidado y la asertividad para prevenir el consumo de drogas y demanda el derecho a la salud integral."
"Ética, Naturaleza y Sociedades",Formación Cívica y Ética,3º,El derecho a la salud y la prevención en el consumo de drogas.,"Toma decisiones autónomas, responsables y comprometidas para prevenir el consumo de drogas y denuncia situaciones que atentan contra la salud."
De lo humano y lo comunitario,Tecnología,1º,"Herramientas, máquinas e instrumentos, como extensión corporal, en la satisfacción continua de intereses y necesidades humanas.","Explora las posibilidades corporales y la delegación de funciones en herramientas, máquinas, instrumentos y formas de organización para identificar sus funciones y procesos de cambio técnico, en la satisfacción de intereses y necesidades de diversas sociedades."
De lo humano y lo comunitario,Tecnología,2º,"Herramientas, máquinas e instrumentos, como extensión corporal, en la satisfacción continua de intereses y necesidades humanas.","Analiza las herramientas, máquinas, instrumentos y formas de organización, como una extensión de las posibilidades corporales para solucionar problemas en diversos contextos."
De lo humano y lo comunitario,Tecnología,3º,"Herramientas, máquinas e instrumentos, como extensión corporal, en la satisfacción continua de intereses y necesidades humanas.","Amplía sus posibilidades corporales por medio del conocimiento y habilidades en el manejo de herramientas, máquinas, instrumentos y formas de organización en procesos técnicos comunitarios, para favorecer la inclusión y la sustentabilidad."
De lo humano y lo comunitario,Tecnología,1º,"Materiales, procesos técnicos y comunidad.","Distingue el origen, transformación y características tecnológicas de los materiales que comparten técnicas similares, para utilizarlos desde una perspectiva local, eficiente y sustentable."
De lo humano y lo comunitario,Tecnología,2º,"Materiales, procesos técnicos y comunidad.","Explora el uso y transformación de los materiales, de acuerdo con sus características en los procesos técnicos de distintas comunidades, para prevenir daños sociales o a la naturaleza."
De lo humano y lo comunitario,Tecnología,3º,"Materiales, procesos técnicos y comunidad.","Implementa alternativas a situaciones que, por el origen, transformación, uso o desecho de los materiales, ponen en riesgo el entorno de la comunidad, para favorecer el desarrollo sustentable."
De lo humano y lo comunitario,Tecnología,1º,Usos e implicaciones de la energía en los procesos técnicos.,"Explora las principales fuentes de energía en los procesos técnicos para su uso óptimo, así como las alternativas de prevención de riesgos personales, sociales y naturales."
De lo humano y lo comunitario,Tecnología,2º,Usos e implicaciones de la energía en los procesos técnicos.,"Comprende la función de la energía en los sistemas técnicos y sus implicaciones en el desarrollo tecnológico para la toma de decisiones responsables, que permitan prever y disminuir riesgos personales, sociales y naturales."
De lo humano y lo comunitario,Tecnología,3º,Usos e implicaciones de la energía en los procesos técnicos.,Analiza diversas fuentes de energía en los procesos técnicos para considerar posibles alternativas sustentables en su funcionamiento.
De lo humano y lo comunitario,Tecnología,1º,Factores que inciden en los procesos técnicos.,"Comprende la satisfacción de necesidades como la base de la creación e innovación técnica para reflexionar acerca de la influencia de intereses, prejuicios, estereotipos y aspiraciones, que favorecen o limitan la igualdad de oportunidades, en el desarrollo de procesos técnicos."
De lo humano y lo comunitario,Tecnología,2º,Factores que inciden en los procesos técnicos.,"Analiza factores sociales, económicos, culturales y naturales a tomar en cuenta en la definición de criterios para el desarrollo de soluciones técnicas que mejoran la calidad de vida."
De lo humano y lo comunitario,Tecnología,3º,Factores que inciden en los procesos técnicos.,"Implementa técnicas, procesos o formas de organización en la comunidad, para favorecer la equidad, igualdad, inclusión y la sustentabilidad."
De lo humano y lo comunitario,Tecnología,1º,Procesos técnicos.,"Describe los elementos que interactúan en los sistemas técnicos (formas de organización, medios, materiales, energía, conocimientos, saberes, experiencias) para comprender su vínculo con la sociedad, la cultura y la naturaleza."
De lo humano y lo comunitario,Tecnología,2º,Procesos técnicos.,"Analiza los diferentes sistemas técnicos: artesanales, industriales y automatizados para reconocer sus características y procesos, además de su vínculo con la ciencia, la sociedad, la cultura, la economía y la naturaleza."
De lo humano y lo comunitario,Tecnología,3º,Procesos técnicos.,"Propone e implementa posibles emprendimientos artesanales o fabriles para atender una problemática local, considerando los elementos del sistema técnico, desde una perspectiva sustentable."
De lo humano y lo comunitario,Tecnología,1º,Comunicación y representación técnica.,"Explora la importancia del lenguaje técnico y el consenso en su uso desde diferentes contextos, para proponer formas de representación y comunicar sus ideas."
De lo humano y lo comunitario,Tecnología,2º,Comunicación y representación técnica.,"Elabora representaciones gráficas de sus ideas con respecto a la operación, funcionamiento y diseño de las producciones técnicas, para ampliar las posibilidades de comunicación."
De lo humano y lo comunitario,Tecnología,3º,Comunicación y representación técnica.,"Difunde por diversos medios el funcionamiento y operación de sus proyectos, para dar a conocer sus alcances a distintas personas."
De lo humano y lo comunitario,Tecnología,1º,Pensamiento estratégico y creativo en la resolución de problemas.,"Analiza necesidades del entorno cercano para plantear un problema, investigar alternativas de solución y seleccionar la que mejor se adapte a los criterios y condiciones contextuales."
De lo humano y lo comunitario,Tecnología,2º,Pensamiento estratégico y creativo en la resolución de problemas.,"Planifica y organiza acciones, medios técnicos e insumos, para el desarrollo de alternativas de solución a diversos problemas identificados."
De lo humano y lo comunitario,Tecnología,3º,Pensamiento estratégico y creativo en la resolución de problemas.,"Implementa, da seguimiento y evalúa las propuestas conforme a los criterios y condiciones establecidas en un plan para satisfacer las necesidades o intereses identificados."
De lo humano y lo comunitario,Tecnología,1º,Evaluación de sistemas tecnológicos.,"Comprende la importancia de la evaluación de los procesos como parte de la innovación y mejora continua, para el logro de la eficiencia, eficacia, fiabilidad y factibilidad de los sistemas técnicos."
De lo humano y lo comunitario,Tecnología,2º,Evaluación de sistemas tecnológicos.,"Analiza las implicaciones de los procesos, productos o servicios en la naturaleza y la sociedad, para desarrollar sistemas técnicos sustentables."
De lo humano y lo comunitario,Tecnología,3º,Evaluación de sistemas tecnológicos.,"Participa en la evaluación interna y externa de sistemas tecnológicos para mejorar su eficiencia, eficacia, fiabilidad y factibilidad desde un enfoque sustentable."
De lo humano y lo comunitario,Tutoría / Educación Socioemocional,1º,"Formas de ser, pensar, actuar y relacionarse.","Reconoce ideas, gustos, necesidades, posibilidades, intereses, deseos y experiencias, para favorecer el autoconocimiento y descubrimiento de nuevas potencialidades."
De lo humano y lo comunitario,Tutoría / Educación Socioemocional,2º,"Formas de ser, pensar, actuar y relacionarse.","Analiza las formas de ser, pensar, actuar e interactuar, para comprender las diversas maneras de vivenciar situaciones cotidianas y lograr el bienestar personal y social."
De lo humano y lo comunitario,Tutoría / Educación Socioemocional,3º,"Formas de ser, pensar, actuar y relacionarse.","Promueve el entendimiento mutuo y la toma de decisiones, considerando formas de ser, pensar, actuar y relacionarse ante diferentes situaciones y contextos, para lograr un mayor bienestar personal y social."
De lo humano y lo comunitario,Tutoría / Educación Socioemocional,1º,Los sentimientos y su influencia en la toma de decisiones.,"Distingue entre emociones, estados de ánimo y sentimientos como elementos que contribuyen a la construcción de relaciones afectivas inclusivas y equitativas."
De lo humano y lo comunitario,Tutoría / Educación Socioemocional,1º,Los sentimientos y su influencia en la toma de decisiones.,Reconoce que los sentimientos son resultado de las vivencias y la cultura.
De lo humano y lo comunitario,Tutoría / Educación Socioemocional,2º,Los sentimientos y su influencia en la toma de decisiones.,"Reflexiona sobre cómo los sentimientos se construyen a partir de ideas y experiencias, para la toma de decisiones asertivas."
De lo humano y lo comunitario,Tutoría / Educación Socioemocional,3º,Los sentimientos y su influencia en la toma de decisiones.,Gestiona los afectos para tomar decisiones asertivas y construir relaciones de convivencia inclusivas y equitativas.
De lo humano y lo comunitario,Tutoría / Educación Socioemocional,1º,Construcción del proyecto de vida.,"Reconoce cambios presentes a lo largo de la vida y en la adolescencia para definir metas personales y en colectivo, a alcanzar en un corto, mediano y largo plazo."
De lo humano y lo comunitario,Tutoría / Educación Socioemocional,1º,Construcción del proyecto de vida.,"Valora metas individuales y de otras personas a partir de identificar situaciones y formas de actuar que las afectan, para favorecer su logro y el bienestar colectivo."
De lo humano y lo comunitario,Tutoría / Educación Socioemocional,2º,Construcción del proyecto de vida.,"Analiza intereses y necesidades, así como logros y metas personales y compartidas de acuerdo con conocimientos, capacidades y habilidades desarrolladas hasta el momento para proponer ideas acerca de un proyecto de vida personal."
De lo humano y lo comunitario,Tutoría / Educación Socioemocional,2º,Construcción del proyecto de vida.,"Replantea sus metas a partir del análisis de logros y situaciones afrontadas, para favorecer el bienestar personal y comunitario."
De lo humano y lo comunitario,Tutoría / Educación Socioemocional,3º,Construcción del proyecto de vida.,"Visualiza un proyecto de vida para determinar posibles retos a superar, estrategias de apoyo mutuo y acciones a realizar en favor del bienestar personal y colectivo."
De lo humano y lo comunitario,Tutoría / Educación Socioemocional,3º,Construcción del proyecto de vida.,"Reconoce nuevos intereses, habilidades y necesidades, propias y de las demás personas, con la finalidad de replantear metas individuales y grupales en favor del bienestar común."
De lo humano y lo comunitario,Tutoría / Educación Socioemocional,1º,Prevención de situaciones de riesgo.,"Participa en la construcción de alternativas personales, familiares y comunitarias, que favorezcan la prevención de situaciones de riesgo ante accidentes, adicciones, formas de violencia y fenómenos naturales, para lograr el bien común."
De lo humano y lo comunitario,Tutoría / Educación Socioemocional,2º,Prevención de situaciones de riesgo.,"Incorpora prácticas que inciden en la prevención de situaciones de riesgo ante accidentes, adicciones, formas de violencia y fenómenos naturales, para favorecer el desarrollo personal, familiar y comunitario, así como el cuidado del medio ambiente."
De lo humano y lo comunitario,Tutoría / Educación Socioemocional,3º,Prevención de situaciones de riesgo.,"Reflexiona sobre las condiciones del contexto familiar y comunitario que representan situaciones de riesgo a la salud, a la seguridad y al medio ambiente para el autocuidado y el bienestar colectivo."
De lo humano y lo comunitario,Tutoría / Educación Socioemocional,1º,Educación Integral en Sexualidad.,"Identifica las dimensiones de la sexualidad: biológica, psicológica, social, cultural, entre otras, en distintos momentos de su vida, para establecer relaciones en favor del bienestar."
De lo humano y lo comunitario,Tutoría / Educación Socioemocional,2º,Educación Integral en Sexualidad.,Valora la identidad y la diversidad de formas de expresión de género para comprender la manera en que favorece la interacción con las personas y el desarrollo integral.
De lo humano y lo comunitario,Tutoría / Educación Socioemocional,3º,Educación Integral en Sexualidad.,Promueve estrategias en favor de una educación integral en sexualidad para incorporarlas permanentemente en su proyecto de vida.
De lo humano y lo comunitario,Educación Física,1º,"Capacidades, habilidades y destrezas motrices.","Explora las capacidades, habilidades y destrezas motrices, para enriquecer y ampliar el potencial propio y de las demás personas."
De lo humano y lo comunitario,Educación Física,1º,"Capacidades, habilidades y destrezas motrices.","Pone en práctica los elementos de la condición física en actividades motrices y recreativas, para reconocerlas como alternativas que fomentan el bien-estar individual y colectivo."
De lo humano y lo comunitario,Educación Física,2º,"Capacidades, habilidades y destrezas motrices.","Integra sus capacidades, habilidades y destrezas motrices, para poner a prueba el potencial individual y de conjunto."
De lo humano y lo comunitario,Educación Física,2º,"Capacidades, habilidades y destrezas motrices.","Analiza el incremento de su condición física, al participar en actividades recreativas, de iniciación deportiva y deporte educativo, para reflexionar acerca de su relación con el bienestar."
De lo humano y lo comunitario,Educación Física,3º,"Capacidades, habilidades y destrezas motrices.","Valora las capacidades, habilidades y destrezas propias y de las demás personas, para mostrar mayor disponibilidad corporal y autonomía motriz."
De lo humano y lo comunitario,Educación Física,3º,"Capacidades, habilidades y destrezas motrices.","Diseña, organiza y participa en actividades recreativas, de iniciación deportiva y deporte educativo, con la intención de fomentar el bien-estar personal y social."
De lo humano y lo comunitario,Educación Física,1º,"Potencialidades cognitivas, expresivas, motrices, creativas y de relación.","Explora las capacidades, habilidades y destrezas motrices, para enriquecer y ampliar el potencial propio y de las demás personas."
De lo humano y lo comunitario,Educación Física,1º,"Potencialidades cognitivas, expresivas, motrices, creativas y de relación.","Pone en práctica los elementos de la condición física en actividades motrices y recreativas, para reconocerlas como alternativas que fomentan el bien-estar individual y colectivo."
De lo humano y lo comunitario,Educación Física,2º,"Potencialidades cognitivas, expresivas, motrices, creativas y de relación.","Integra sus capacidades, habilidades y destrezas motrices, para poner a prueba el potencial individual y de conjunto."
De lo humano y lo comunitario,Educación Física,2º,"Potencialidades cognitivas, expresivas, motrices, creativas y de relación.","Analiza el incremento de su condición física, al participar en actividades recreativas, de iniciación deportiva y deporte educativo, para reflexionar acerca de su relación con el bienestar."
De lo humano y lo comunitario,Educación Física,3º,"Potencialidades cognitivas, expresivas, motrices, creativas y de relación.","Valora las capacidades, habilidades y destrezas propias y de las demás personas, para mostrar mayor disponibilidad corporal y autonomía motriz."
De lo humano y lo comunitario,Educación Física,3º,"Potencialidades cognitivas, expresivas, motrices, creativas y de relación.","Diseña, organiza y participa en actividades recreativas, de iniciación deportiva y deporte educativo, con la intención de fomentar el bien-estar personal y social."
De lo humano y lo comunitario,Educación Física,1º,Estilos de vida activos y saludables.,"Implementa acciones que le permiten mantenerse físicamente activo en diferentes momentos del día, para favorecer la práctica de estilos de vida saludables."
De lo humano y lo comunitario,Educación Física,2º,Estilos de vida activos y saludables.,"Reflexiona acerca de los factores que afectan la práctica sistemática de actividad física, para proponer acciones que contribuyan a modificarlos o eliminarlos."
De lo humano y lo comunitario,Educación Física,3º,Estilos de vida activos y saludables.,"Diseña alternativas que fomenten la práctica de estilos de vida activos y saludables, a partir del análisis de comportamientos que ponen en riesgo la salud, para hacer frente a problemas asociados con el sedentarismo."
De lo humano y lo comunitario,Educación Física,1º,"Pensamiento lúdico, estratégico y creativo.","Toma decisiones individuales y colectivas en situaciones de juego (defensivas u ofensivas), con el propósito de valorar su efectividad."
De lo humano y lo comunitario,Educación Física,2º,"Pensamiento lúdico, estratégico y creativo.","Valora las estrategias de juego que utiliza ante distintas condiciones que se presentan, para reestructurarlas e incrementar su efectividad."
De lo humano y lo comunitario,Educación Física,3º,"Pensamiento lúdico, estratégico y creativo.",Emplea el pensamiento estratégico para favorecer la colaboración y creatividad en la resolución de situaciones individuales y colectivas.
De lo humano y lo comunitario,Educación Física,1º,Interacción motriz.,"Pone a prueba la interacción motriz en situaciones de juego, iniciación deportiva y deporte educativo, con el fin de alcanzar metas comunes y obtener satisfacción al colaborar con las demás personas."
De lo humano y lo comunitario,Educación Física,2º,Interacción motriz.,"Toma decisiones a favor de la participación colectiva en situaciones de juego, iniciación deportiva y deporte educativo, para promover ambientes de aprendizaje y actitudes asertivas."
De lo humano y lo comunitario,Educación Física,3º,Interacción motriz.,"Promueve relaciones asertivas con las demás personas en situaciones de juego, iniciación deportiva y deporte educativo, para fortalecer su autoestima y fomentar el juego limpio y la confrontación lúdica."